path,env_class,bucket,bucket_fn,run_mode,before_log_rms_contrast,before_pct_saturated,before_pct_crushed,before_hist_entropy,before_local_contrast_std,after_log_rms_contrast,after_pct_saturated,after_pct_crushed,after_hist_entropy,after_local_contrast_std,proc_ms
/Users/phongpham/Downloads/smartBinocular/data/weather/darkface/image/5713.png,night_clear,A,HybridNIREnhancer,still_image_cold_start_mode,1.1334,0.000535,0.579496,4.54571,22.55211,1.01228,0.052631,0.0,6.64066,60.83358,105.584
/Users/phongpham/Downloads/smartBinocular/data/weather/darkface/image/5713.png,night_clear,B,nir_nir_night_clahe,still_image_cold_start_mode,1.1334,0.000535,0.579496,4.54571,22.55211,1.19323,0.00063,0.003583,5.27006,28.73349,2.653
/Users/phongpham/Downloads/smartBinocular/data/weather/darkface/image/5713.png,night_clear,D,nir_dehaze_lite,still_image_cold_start_mode,1.1334,0.000535,0.579496,4.54571,22.55211,0.16183,0.0,0.756964,3.86227,21.20235,6.226
/Users/phongpham/Downloads/smartBinocular/data/weather/darkface/image/182.png,night_clear,A,HybridNIREnhancer,still_image_cold_start_mode,0.8431,1e-05,0.852526,3.07955,7.22879,0.90455,0.013857,0.0,5.39665,39.92204,7.287
/Users/phongpham/Downloads/smartBinocular/data/weather/darkface/image/182.png,night_clear,B,nir_nir_night_clahe,still_image_cold_start_mode,0.8431,1e-05,0.852526,3.07955,7.22879,1.07437,1e-05,0.0,3.02293,12.87623,2.658
/Users/phongpham/Downloads/smartBinocular/data/weather/darkface/image/182.png,night_clear,D,nir_dehaze_lite,still_image_cold_start_mode,0.8431,1e-05,0.852526,3.07955,7.22879,-0.09624,0.0,0.884321,2.47375,5.84527,6.651
/Users/phongpham/Downloads/smartBinocular/data/weather/darkface/image/1182.png,night_clear,A,HybridNIREnhancer,still_image_cold_start_mode,0.41049,0.0,0.991178,0.72606,1.66125,0.42031,2.6e-05,0.0,1.69314,6.44538,8.752
/Users/phongpham/Downloads/smartBinocular/data/weather/darkface/image/1182.png,night_clear,B,nir_nir_night_clahe,still_image_cold_start_mode,0.41049,0.0,0.991178,0.72606,1.66125,0.62221,0.0,0.0,0.63738,2.37212,2.511
/Users/phongpham/Downloads/smartBinocular/data/weather/darkface/image/1182.png,night_clear,D,nir_dehaze_lite,still_image_cold_start_mode,0.41049,0.0,0.991178,0.72606,1.66125,-0.50439,0.0,0.991991,0.37559,1.36409,6.36
/Users/phongpham/Downloads/smartBinocular/data/weather/darkface/image/3026.png,night_clear,A,HybridNIREnhancer,still_image_cold_start_mode,1.18105,0.001804,0.526353,4.86811,28.69506,1.07351,0.095544,0.0,6.74621,70.8286,6.916
/Users/phongpham/Downloads/smartBinocular/data/weather/darkface/image/3026.png,night_clear,B,nir_nir_night_clahe,still_image_cold_start_mode,1.18105,0.001804,0.526353,4.86811,28.69506,1.29595,0.001712,0.002743,5.66358,37.8028,2.488
/Users/phongpham/Downloads/smartBinocular/data/weather/darkface/image/3026.png,night_clear,D,nir_dehaze_lite,still_image_cold_start_mode,1.18105,0.001804,0.526353,4.86811,28.69506,0.17341,0.002355,0.692368,4.06231,27.08795,5.772
/Users/phongpham/Downloads/smartBinocular/data/weather/darkface/image/2804.png,night_clear,A,HybridNIREnhancer,still_image_cold_start_mode,1.13697,0.000629,0.50131,4.77799,21.37272,1.03948,0.068994,4e-06,6.86205,72.28878,7.029
/Users/phongpham/Downloads/smartBinocular/data/weather/darkface/image/2804.png,night_clear,B,nir_nir_night_clahe,still_image_cold_start_mode,1.13697,0.000629,0.50131,4.77799,21.37272,1.22096,0.000661,0.004123,5.51336,30.77676,2.648
/Users/phongpham/Downloads/smartBinocular/data/weather/darkface/image/2804.png,night_clear,D,nir_dehaze_lite,still_image_cold_start_mode,1.13697,0.000629,0.50131,4.77799,21.37272,0.16867,8e-05,0.620199,4.25362,19.63307,5.851
/Users/phongpham/Downloads/smartBinocular/data/weather/darkface/image/2644.png,night_clear,A,HybridNIREnhancer,still_image_cold_start_mode,1.16978,0.000403,0.861385,3.22303,11.90099,1.00081,0.006143,0.0,5.51614,30.66501,7.055
/Users/phongpham/Downloads/smartBinocular/data/weather/darkface/image/2644.png,night_clear,B,nir_nir_night_clahe,still_image_cold_start_mode,1.16978,0.000403,0.861385,3.22303,11.90099,1.2563,0.000401,0.002567,3.47111,14.41933,2.542
/Users/phongpham/Downloads/smartBinocular/data/weather/darkface/image/2644.png,night_clear,D,nir_dehaze_lite,still_image_cold_start_mode,1.16978,0.000403,0.861385,3.22303,11.90099,0.00808,0.0,0.918709,2.54869,10.84761,5.081
/Users/phongpham/Downloads/smartBinocular/data/weather/darkface/image/2027.png,night_clear,A,HybridNIREnhancer,still_image_cold_start_mode,0.83711,2.2e-05,0.85692,3.04277,7.04358,0.92309,0.010502,0.0,5.3237,38.00303,7.056
/Users/phongpham/Downloads/smartBinocular/data/weather/darkface/image/2027.png,night_clear,B,nir_nir_night_clahe,still_image_cold_start_mode,0.83711,2.2e-05,0.85692,3.04277,7.04358,1.06718,2.6e-05,0.0,2.92202,12.19241,2.519
/Users/phongpham/Downloads/smartBinocular/data/weather/darkface/image/2027.png,night_clear,D,nir_dehaze_lite,still_image_cold_start_mode,0.83711,2.2e-05,0.85692,3.04277,7.04358,-0.08854,0.0,0.884068,2.46097,5.87909,5.945
/Users/phongpham/Downloads/smartBinocular/data/weather/darkface/image/1754.png,night_clear,A,HybridNIREnhancer,still_image_cold_start_mode,0.81718,0.000195,0.821404,3.17392,9.16108,0.82914,0.017101,0.0,5.3522,46.18247,7.274
/Users/phongpham/Downloads/smartBinocular/data/weather/darkface/image/1754.png,night_clear,B,nir_nir_night_clahe,still_image_cold_start_mode,0.81718,0.000195,0.821404,3.17392,9.16108,1.00025,0.00021,0.00041,3.31709,14.70151,2.644
/Users/phongpham/Downloads/smartBinocular/data/weather/darkface/image/1754.png,night_clear,D,nir_dehaze_lite,still_image_cold_start_mode,0.81718,0.000195,0.821404,3.17392,9.16108,-0.05515,0.0,0.88196,2.39772,7.40871,5.888
/Users/phongpham/Downloads/smartBinocular/data/weather/darkface/image/5989.png,night_clear,A,HybridNIREnhancer,still_image_cold_start_mode,0.93065,0.000242,0.831691,3.29402,12.59701,0.87685,0.021766,0.0,5.22361,44.72267,7.081
/Users/phongpham/Downloads/smartBinocular/data/weather/darkface/image/5989.png,night_clear,B,nir_nir_night_clahe,still_image_cold_start_mode,0.93065,0.000242,0.831691,3.29402,12.59701,1.0454,0.000275,0.000495,3.49925,17.82777,2.712
/Users/phongpham/Downloads/smartBinocular/data/weather/darkface/image/5989.png,night_clear,D,nir_dehaze_lite,still_image_cold_start_mode,0.93065,0.000242,0.831691,3.29402,12.59701,-0.03518,0.0,0.878407,2.5241,11.30785,5.941
/Users/phongpham/Downloads/smartBinocular/data/weather/darkface/image/5019.png,night_clear,A,HybridNIREnhancer,still_image_cold_start_mode,1.64245,0.000334,0.606988,4.68639,23.53207,1.32823,0.05521,7.7e-05,6.84003,62.08317,5.973
/Users/phongpham/Downloads/smartBinocular/data/weather/darkface/image/5019.png,night_clear,B,nir_nir_night_clahe,still_image_cold_start_mode,1.64245,0.000334,0.606988,4.68639,23.53207,1.75281,0.000374,0.002204,5.06387,30.49418,2.321
/Users/phongpham/Downloads/smartBinocular/data/weather/darkface/image/5019.png,night_clear,D,nir_dehaze_lite,still_image_cold_start_mode,1.64245,0.000334,0.606988,4.68639,23.53207,0.25297,0.000498,0.638447,4.59291,22.28684,4.703
/Users/phongpham/Downloads/smartBinocular/data/weather/darkface/image/164.png,night_clear,A,HybridNIREnhancer,still_image_cold_start_mode,1.06269,8.9e-05,0.95495,2.14,5.97279,0.90077,0.001768,0.0,4.03106,20.43518,5.47
/Users/phongpham/Downloads/smartBinocular/data/weather/darkface/image/164.png,night_clear,B,nir_nir_night_clahe,still_image_cold_start_mode,1.06269,8.9e-05,0.95495,2.14,5.97279,1.13184,8.9e-05,0.0,1.91076,7.94908,2.289
/Users/phongpham/Downloads/smartBinocular/data/weather/darkface/image/164.png,night_clear,D,nir_dehaze_lite,still_image_cold_start_mode,1.06269,8.9e-05,0.95495,2.14,5.97279,-0.11576,0.0,0.952865,1.52442,5.07221,4.673
/Users/phongpham/Downloads/smartBinocular/data/weather/darkface/image/5352.png,night_clear,A,HybridNIREnhancer,still_image_cold_start_mode,1.22421,0.000786,0.424021,5.746,35.98217,1.13556,0.275265,7.7e-05,6.19928,94.54859,5.602
/Users/phongpham/Downloads/smartBinocular/data/weather/darkface/image/5352.png,night_clear,B,nir_nir_night_clahe,still_image_cold_start_mode,1.22421,0.000786,0.424021,5.746,35.98217,1.4551,0.001798,0.002867,6.477,49.73272,2.156
/Users/phongpham/Downloads/smartBinocular/data/weather/darkface/image/5352.png,night_clear,D,nir_dehaze_lite,still_image_cold_start_mode,1.22421,0.000786,0.424021,5.746,35.98217,0.23061,0.001875,0.49726,4.9357,28.73525,4.705
/Users/phongpham/Downloads/smartBinocular/data/weather/darkface/image/4109.png,night_clear,A,HybridNIREnhancer,still_image_cold_start_mode,1.12074,0.000437,0.493038,4.6893,21.98758,1.03816,0.053614,0.0,6.85984,62.33473,6.495
/Users/phongpham/Downloads/smartBinocular/data/weather/darkface/image/4109.png,night_clear,B,nir_nir_night_clahe,still_image_cold_start_mode,1.12074,0.000437,0.493038,4.6893,21.98758,1.19014,0.000495,0.002751,5.34204,28.29447,2.837
/Users/phongpham/Downloads/smartBinocular/data/weather/darkface/image/4109.png,night_clear,D,nir_dehaze_lite,still_image_cold_start_mode,1.12074,0.000437,0.493038,4.6893,21.98758,0.16456,0.0,0.727562,4.04129,20.64635,4.931
/Users/phongpham/Downloads/smartBinocular/data/weather/darkface/image/1232.png,night_clear,A,HybridNIREnhancer,still_image_cold_start_mode,0.92967,5.7e-05,0.926111,1.60581,8.00586,0.92046,0.01206,0.0,2.72847,34.85787,6.112
/Users/phongpham/Downloads/smartBinocular/data/weather/darkface/image/1232.png,night_clear,B,nir_nir_night_clahe,still_image_cold_start_mode,0.92967,5.7e-05,0.926111,1.60581,8.00586,1.0637,5.7e-05,0.0,1.63493,12.93243,2.759
/Users/phongpham/Downloads/smartBinocular/data/weather/darkface/image/1232.png,night_clear,D,nir_dehaze_lite,still_image_cold_start_mode,0.92967,5.7e-05,0.926111,1.60581,8.00586,-0.14525,0.0,0.932686,1.40151,6.98153,4.98
/Users/phongpham/Downloads/smartBinocular/data/weather/darkface/image/1218.png,night_clear,A,HybridNIREnhancer,still_image_cold_start_mode,1.13991,0.000629,0.510819,4.83071,23.37341,1.03835,0.090341,1e-06,6.76499,77.00409,5.664
/Users/phongpham/Downloads/smartBinocular/data/weather/darkface/image/1218.png,night_clear,B,nir_nir_night_clahe,still_image_cold_start_mode,1.13991,0.000629,0.510819,4.83071,23.37341,1.22508,0.000671,0.004225,5.61762,33.39063,2.377
/Users/phongpham/Downloads/smartBinocular/data/weather/darkface/image/1218.png,night_clear,D,nir_dehaze_lite,still_image_cold_start_mode,1.13991,0.000629,0.510819,4.83071,23.37341,0.17527,0.000148,0.594399,4.3456,22.3858,7.991
/Users/phongpham/Downloads/smartBinocular/data/weather/darkface/image/169.png,night_clear,A,HybridNIREnhancer,still_image_cold_start_mode,1.14736,0.000633,0.465289,5.00856,25.36431,1.04255,0.094664,0.0,6.85278,74.68927,7.098
/Users/phongpham/Downloads/smartBinocular/data/weather/darkface/image/169.png,night_clear,B,nir_nir_night_clahe,still_image_cold_start_mode,1.14736,0.000633,0.465289,5.00856,25.36431,1.23501,0.000674,0.002182,5.61323,34.66705,2.351
/Users/phongpham/Downloads/smartBinocular/data/weather/darkface/image/169.png,night_clear,D,nir_dehaze_lite,still_image_cold_start_mode,1.14736,0.000633,0.465289,5.00856,25.36431,0.17437,0.001555,0.5992,4.36451,25.55095,5.846
/Users/phongpham/Downloads/smartBinocular/data/weather/darkface/image/2610.png,night_clear,A,HybridNIREnhancer,still_image_cold_start_mode,0.99563,0.000291,0.839919,3.17506,13.15061,0.84042,0.022582,0.0,5.28791,44.24776,5.482
/Users/phongpham/Downloads/smartBinocular/data/weather/darkface/image/2610.png,night_clear,B,nir_nir_night_clahe,still_image_cold_start_mode,0.99563,0.000291,0.839919,3.17506,13.15061,1.0686,0.000318,0.0,3.22939,17.88631,2.581
/Users/phongpham/Downloads/smartBinocular/data/weather/darkface/image/2610.png,night_clear,D,nir_dehaze_lite,still_image_cold_start_mode,0.99563,0.000291,0.839919,3.17506,13.15061,-0.00815,0.0,0.890413,2.44428,11.89223,6.047
/Users/phongpham/Downloads/smartBinocular/data/weather/darkface/image/2713.png,night_clear,A,HybridNIREnhancer,still_image_cold_start_mode,1.1281,0.00226,0.768115,3.78756,25.33714,0.91593,0.046534,0.0,5.88735,55.32758,6.429
/Users/phongpham/Downloads/smartBinocular/data/weather/darkface/image/2713.png,night_clear,B,nir_nir_night_clahe,still_image_cold_start_mode,1.1281,0.00226,0.768115,3.78756,25.33714,1.17953,0.002172,0.001893,4.2567,28.35901,2.445
/Users/phongpham/Downloads/smartBinocular/data/weather/darkface/image/2713.png,night_clear,D,nir_dehaze_lite,still_image_cold_start_mode,1.1281,0.00226,0.768115,3.78756,25.33714,0.177,0.00093,0.8288,3.24062,25.20776,5.8
/Users/phongpham/Downloads/smartBinocular/data/weather/darkface/image/4724.png,night_clear,A,HybridNIREnhancer,still_image_cold_start_mode,1.17316,0.000404,0.871496,3.2213,11.96405,1.00791,0.006241,0.0,5.52199,31.13494,7.558
/Users/phongpham/Downloads/smartBinocular/data/weather/darkface/image/4724.png,night_clear,B,nir_nir_night_clahe,still_image_cold_start_mode,1.17316,0.000404,0.871496,3.2213,11.96405,1.26018,0.000409,7.6e-05,3.31518,14.51138,2.779
/Users/phongpham/Downloads/smartBinocular/data/weather/darkface/image/4724.png,night_clear,D,nir_dehaze_lite,still_image_cold_start_mode,1.17316,0.000404,0.871496,3.2213,11.96405,0.01311,0.0,0.911152,2.57031,10.90054,5.442
/Users/phongpham/Downloads/smartBinocular/data/weather/darkface/image/5437.png,night_clear,A,HybridNIREnhancer,still_image_cold_start_mode,1.18123,0.000403,0.881874,3.18432,12.09362,1.00175,0.00571,0.0,5.49669,29.54784,7.047
/Users/phongpham/Downloads/smartBinocular/data/weather/darkface/image/5437.png,night_clear,B,nir_nir_night_clahe,still_image_cold_start_mode,1.18123,0.000403,0.881874,3.18432,12.09362,1.26189,0.000405,0.001382,3.34141,14.41237,2.437
/Users/phongpham/Downloads/smartBinocular/data/weather/darkface/image/5437.png,night_clear,D,nir_dehaze_lite,still_image_cold_start_mode,1.18123,0.000403,0.881874,3.18432,12.09362,0.02117,0.0,0.918089,2.53026,11.01034,5.97
/Users/phongpham/Downloads/smartBinocular/data/weather/darkface/image/1194.png,night_clear,A,HybridNIREnhancer,still_image_cold_start_mode,1.05793,0.001142,0.919681,2.61819,14.23531,0.7922,0.011227,0.0,4.8273,32.46931,7.28
/Users/phongpham/Downloads/smartBinocular/data/weather/darkface/image/1194.png,night_clear,B,nir_nir_night_clahe,still_image_cold_start_mode,1.05793,0.001142,0.919681,2.61819,14.23531,1.10848,0.00113,0.0,2.53906,16.08611,2.774
/Users/phongpham/Downloads/smartBinocular/data/weather/darkface/image/1194.png,night_clear,D,nir_dehaze_lite,still_image_cold_start_mode,1.05793,0.001142,0.919681,2.61819,14.23531,0.01548,0.0,0.936766,1.80615,13.25026,5.795
/Users/phongpham/Downloads/smartBinocular/data/weather/darkface/image/5136.png,night_clear,A,HybridNIREnhancer,still_image_cold_start_mode,0.90191,0.000297,0.752418,3.70269,14.04316,0.90966,0.027764,0.0,5.91608,52.89671,6.566
/Users/phongpham/Downloads/smartBinocular/data/weather/darkface/image/5136.png,night_clear,B,nir_nir_night_clahe,still_image_cold_start_mode,0.90191,0.000297,0.752418,3.70269,14.04316,1.04446,0.000322,0.000437,3.92397,19.02915,2.651
/Users/phongpham/Downloads/smartBinocular/data/weather/darkface/image/5136.png,night_clear,D,nir_dehaze_lite,still_image_cold_start_mode,0.90191,0.000297,0.752418,3.70269,14.04316,0.03904,3.6e-05,0.833164,3.00773,12.49552,4.642
/Users/phongpham/Downloads/smartBinocular/data/weather/darkface/image/2464.png,night_clear,A,HybridNIREnhancer,still_image_cold_start_mode,1.23856,0.001834,0.272378,6.27926,40.65173,1.13988,0.268777,3.6e-05,6.60561,91.08612,5.494
/Users/phongpham/Downloads/smartBinocular/data/weather/darkface/image/2464.png,night_clear,B,nir_nir_night_clahe,still_image_cold_start_mode,1.23856,0.001834,0.272378,6.27926,40.65173,1.45906,0.003074,0.003804,7.04475,58.65948,2.08
/Users/phongpham/Downloads/smartBinocular/data/weather/darkface/image/2464.png,night_clear,D,nir_dehaze_lite,still_image_cold_start_mode,1.23856,0.001834,0.272378,6.27926,40.65173,0.28261,0.00399,0.424497,5.59316,36.06544,4.682
/Users/phongpham/Downloads/smartBinocular/data/weather/darkface/image/878.png,night_clear,A,HybridNIREnhancer,still_image_cold_start_mode,1.18045,0.000856,0.468841,5.1142,23.80575,1.0756,0.117153,4e-06,6.89009,78.0544,5.362
/Users/phongpham/Downloads/smartBinocular/data/weather/darkface/image/878.png,night_clear,B,nir_nir_night_clahe,still_image_cold_start_mode,1.18045,0.000856,0.468841,5.1142,23.80575,1.26535,0.000799,0.008981,5.63799,35.3214,3.632
/Users/phongpham/Downloads/smartBinocular/data/weather/darkface/image/878.png,night_clear,D,nir_dehaze_lite,still_image_cold_start_mode,1.18045,0.000856,0.468841,5.1142,23.80575,0.14823,0.000985,0.581797,4.64296,22.55734,4.718
/Users/phongpham/Downloads/smartBinocular/data/weather/darkface/image/5790.png,night_clear,A,HybridNIREnhancer,still_image_cold_start_mode,1.15521,0.000637,0.476579,4.98458,24.51363,1.02677,0.094375,0.0,6.80972,75.14454,6.919
/Users/phongpham/Downloads/smartBinocular/data/weather/darkface/image/5790.png,night_clear,B,nir_nir_night_clahe,still_image_cold_start_mode,1.15521,0.000637,0.476579,4.98458,24.51363,1.23992,0.000671,0.002719,5.56436,34.69079,2.554
/Users/phongpham/Downloads/smartBinocular/data/weather/darkface/image/5790.png,night_clear,D,nir_dehaze_lite,still_image_cold_start_mode,1.15521,0.000637,0.476579,4.98458,24.51363,0.17797,0.001075,0.614846,4.32062,24.28805,4.925
/Users/phongpham/Downloads/smartBinocular/data/weather/darkface/image/77.png,night_clear,A,HybridNIREnhancer,still_image_cold_start_mode,1.28548,0.000292,0.801826,3.60755,17.61585,1.0039,0.014855,0.0,5.81252,41.69157,7.103
/Users/phongpham/Downloads/smartBinocular/data/weather/darkface/image/77.png,night_clear,B,nir_nir_night_clahe,still_image_cold_start_mode,1.28548,0.000292,0.801826,3.60755,17.61585,1.28806,0.000365,0.005035,3.74244,20.77328,2.984
/Users/phongpham/Downloads/smartBinocular/data/weather/darkface/image/77.png,night_clear,D,nir_dehaze_lite,still_image_cold_start_mode,1.28548,0.000292,0.801826,3.60755,17.61585,0.09849,0.0,0.846093,3.19016,16.4543,4.974
/Users/phongpham/Downloads/smartBinocular/data/weather/darkface/image/5016.png,night_clear,A,HybridNIREnhancer,still_image_cold_start_mode,1.08447,0.00031,0.757402,3.83855,13.26505,0.98893,0.038067,0.0,5.97412,54.80365,5.821
/Users/phongpham/Downloads/smartBinocular/data/weather/darkface/image/5016.png,night_clear,B,nir_nir_night_clahe,still_image_cold_start_mode,1.08447,0.00031,0.757402,3.83855,13.26505,1.16983,0.00034,0.002016,4.03271,22.29281,2.731
/Users/phongpham/Downloads/smartBinocular/data/weather/darkface/image/5016.png,night_clear,D,nir_dehaze_lite,still_image_cold_start_mode,1.08447,0.00031,0.757402,3.83855,13.26505,0.08522,0.0,0.80457,3.42043,11.59145,4.927
/Users/phongpham/Downloads/smartBinocular/data/weather/darkface/image/4091.png,night_clear,A,HybridNIREnhancer,still_image_cold_start_mode,1.27415,0.00503,0.4189,5.57373,43.77554,1.06845,0.187281,0.0,6.80237,78.94046,7.554
/Users/phongpham/Downloads/smartBinocular/data/weather/darkface/image/4091.png,night_clear,B,nir_nir_night_clahe,still_image_cold_start_mode,1.27415,0.00503,0.4189,5.57373,43.77554,1.36184,0.00376,0.004243,6.44667,52.6947,2.313
/Users/phongpham/Downloads/smartBinocular/data/weather/darkface/image/4091.png,night_clear,D,nir_dehaze_lite,still_image_cold_start_mode,1.27415,0.00503,0.4189,5.57373,43.77554,0.28045,0.006776,0.579052,4.90357,40.85779,5.219
/Users/phongpham/Downloads/smartBinocular/data/weather/darkface/image/2623.png,night_clear,A,HybridNIREnhancer,still_image_cold_start_mode,0.98348,0.000287,0.783116,3.63601,13.30333,0.9174,0.023466,0.0,5.79074,48.3548,6.796
/Users/phongpham/Downloads/smartBinocular/data/weather/darkface/image/2623.png,night_clear,B,nir_nir_night_clahe,still_image_cold_start_mode,0.98348,0.000287,0.783116,3.63601,13.30333,1.0811,0.000319,0.002771,4.00236,18.83512,2.796
/Users/phongpham/Downloads/smartBinocular/data/weather/darkface/image/2623.png,night_clear,D,nir_dehaze_lite,still_image_cold_start_mode,0.98348,0.000287,0.783116,3.63601,13.30333,0.0095,0.0,0.845607,2.92305,11.80934,5.646
/Users/phongpham/Downloads/smartBinocular/data/weather/darkface/image/431.png,night_clear,A,HybridNIREnhancer,still_image_cold_start_mode,1.27485,0.000624,0.551543,4.33256,14.34976,1.06087,0.020662,0.0,6.58908,50.04027,6.52
/Users/phongpham/Downloads/smartBinocular/data/weather/darkface/image/431.png,night_clear,B,nir_nir_night_clahe,still_image_cold_start_mode,1.27485,0.000624,0.551543,4.33256,14.34976,1.31845,0.000662,0.004447,5.11419,19.36912,3.039
/Users/phongpham/Downloads/smartBinocular/data/weather/darkface/image/431.png,night_clear,D,nir_dehaze_lite,still_image_cold_start_mode,1.27485,0.000624,0.551543,4.33256,14.34976,0.12583,0.000114,0.683401,3.93205,12.6466,5.78
/Users/phongpham/Downloads/smartBinocular/data/weather/gray/5342.jpg,nir_night,A,HybridNIREnhancer,still_image_cold_start_mode,1.93059,8.9e-05,0.011333,7.5357,40.35521,2.13934,0.0,0.002889,5.31056,43.24739,5.607
/Users/phongpham/Downloads/smartBinocular/data/weather/gray/5342.jpg,nir_night,B,nir_nir_night_clahe,still_image_cold_start_mode,1.93059,8.9e-05,0.011333,7.5357,40.35521,2.14977,0.006044,0.006667,7.74848,39.45696,0.251
/Users/phongpham/Downloads/smartBinocular/data/weather/gray/5342.jpg,nir_night,D,nir_dehaze_lite,still_image_cold_start_mode,1.93059,8.9e-05,0.011333,7.5357,40.35521,1.6227,0.007378,0.005067,7.28299,34.28307,0.935
/Users/phongpham/Downloads/smartBinocular/data/weather/gray/3048.jpg,nir_night,A,HybridNIREnhancer,still_image_cold_start_mode,1.72017,0.0,0.007689,6.89197,28.56434,2.00341,0.0,0.004,6.63506,35.86557,5.213
/Users/phongpham/Downloads/smartBinocular/data/weather/gray/3048.jpg,nir_night,B,nir_nir_night_clahe,still_image_cold_start_mode,1.72017,0.0,0.007689,6.89197,28.56434,2.02745,0.001378,0.003333,7.43924,30.77291,0.211
/Users/phongpham/Downloads/smartBinocular/data/weather/gray/3048.jpg,nir_night,D,nir_dehaze_lite,still_image_cold_start_mode,1.72017,0.0,0.007689,6.89197,28.56434,1.54711,0.002489,0.0048,6.8476,29.45394,1.053
/Users/phongpham/Downloads/smartBinocular/data/weather/gray/6966.jpg,nir_night,A,HybridNIREnhancer,still_image_cold_start_mode,2.08009,0.003333,0.001733,7.56015,28.41625,2.10953,0.018133,0.0,7.7259,26.55315,6.24
/Users/phongpham/Downloads/smartBinocular/data/weather/gray/6966.jpg,nir_night,B,nir_nir_night_clahe,still_image_cold_start_mode,2.08009,0.003333,0.001733,7.56015,28.41625,2.30643,0.016844,0.005778,7.86442,29.08512,0.231
/Users/phongpham/Downloads/smartBinocular/data/weather/gray/6966.jpg,nir_night,D,nir_dehaze_lite,still_image_cold_start_mode,2.08009,0.003333,0.001733,7.56015,28.41625,1.86186,0.002311,8.9e-05,7.40524,27.37432,0.778
/Users/phongpham/Downloads/smartBinocular/data/weather/gray/992.jpg,nir_night,A,HybridNIREnhancer,still_image_cold_start_mode,2.09515,0.021733,0.006311,7.72054,57.07012,2.05448,0.163467,0.0,7.35775,50.47557,5.37
/Users/phongpham/Downloads/smartBinocular/data/weather/gray/992.jpg,nir_night,B,nir_nir_night_clahe,still_image_cold_start_mode,2.09515,0.021733,0.006311,7.72054,57.07012,2.17652,0.018044,0.006267,7.78123,49.83512,0.245
/Users/phongpham/Downloads/smartBinocular/data/weather/gray/992.jpg,nir_night,D,nir_dehaze_lite,still_image_cold_start_mode,2.09515,0.021733,0.006311,7.72054,57.07012,1.8552,0.005733,0.000489,7.77751,59.92296,0.812
/Users/phongpham/Downloads/smartBinocular/data/weather/gray/1045.jpg,nir_night,A,HybridNIREnhancer,still_image_cold_start_mode,1.91707,0.009556,0.016933,7.5969,66.59897,1.92714,0.077956,0.0,7.45941,55.11625,5.469
/Users/phongpham/Downloads/smartBinocular/data/weather/gray/1045.jpg,nir_night,B,nir_nir_night_clahe,still_image_cold_start_mode,1.91707,0.009556,0.016933,7.5969,66.59897,2.07094,0.0132,0.007333,7.7011,53.80448,0.204
/Users/phongpham/Downloads/smartBinocular/data/weather/gray/1045.jpg,nir_night,D,nir_dehaze_lite,still_image_cold_start_mode,1.91707,0.009556,0.016933,7.5969,66.59897,1.65535,0.007644,0.015644,7.81763,64.95969,1.037
/Users/phongpham/Downloads/smartBinocular/data/weather/gray/6593.jpg,nir_night,A,HybridNIREnhancer,still_image_cold_start_mode,1.97002,0.012844,0.000578,7.0871,36.3292,2.09835,0.186978,0.0,7.21929,39.69908,6.067
/Users/phongpham/Downloads/smartBinocular/data/weather/gray/6593.jpg,nir_night,B,nir_nir_night_clahe,still_image_cold_start_mode,1.97002,0.012844,0.000578,7.0871,36.3292,2.11797,0.010711,0.002978,7.7244,36.02363,0.233
/Users/phongpham/Downloads/smartBinocular/data/weather/gray/6593.jpg,nir_night,D,nir_dehaze_lite,still_image_cold_start_mode,1.97002,0.012844,0.000578,7.0871,36.3292,1.69274,0.002756,0.000622,6.85146,39.04107,0.66
/Users/phongpham/Downloads/smartBinocular/data/weather/gray/694.jpg,nir_night,A,HybridNIREnhancer,still_image_cold_start_mode,1.61815,8.9e-05,0.000133,7.20316,40.39082,1.66162,0.017067,0.0,7.54646,37.45734,5.546
/Users/phongpham/Downloads/smartBinocular/data/weather/gray/694.jpg,nir_night,B,nir_nir_night_clahe,still_image_cold_start_mode,1.61815,8.9e-05,0.000133,7.20316,40.39082,1.82336,0.004933,0.000267,7.73079,44.98705,0.192
/Users/phongpham/Downloads/smartBinocular/data/weather/gray/694.jpg,nir_night,D,nir_dehaze_lite,still_image_cold_start_mode,1.61815,8.9e-05,0.000133,7.20316,40.39082,1.51999,0.004978,0.0,7.71998,44.45063,1.094
/Users/phongpham/Downloads/smartBinocular/data/weather/gray/2174.jpg,nir_night,A,HybridNIREnhancer,still_image_cold_start_mode,1.95726,0.010756,0.002667,7.41848,42.51184,1.93822,0.025022,0.0,7.43396,38.04703,5.433
/Users/phongpham/Downloads/smartBinocular/data/weather/gray/2174.jpg,nir_night,B,nir_nir_night_clahe,still_image_cold_start_mode,1.95726,0.010756,0.002667,7.41848,42.51184,2.12916,0.009911,0.003778,7.73778,42.09374,0.254
/Users/phongpham/Downloads/smartBinocular/data/weather/gray/2174.jpg,nir_night,D,nir_dehaze_lite,still_image_cold_start_mode,1.95726,0.010756,0.002667,7.41848,42.51184,1.70501,0.017556,0.001556,7.51092,44.54692,1.114
/Users/phongpham/Downloads/smartBinocular/data/weather/gray/6145.jpg,nir_night,A,HybridNIREnhancer,still_image_cold_start_mode,1.94915,0.037867,0.008756,7.70503,45.29183,1.92281,0.094889,0.0,7.54144,40.28211,5.822
/Users/phongpham/Downloads/smartBinocular/data/weather/gray/6145.jpg,nir_night,B,nir_nir_night_clahe,still_image_cold_start_mode,1.94915,0.037867,0.008756,7.70503,45.29183,2.08391,0.016,0.005422,7.8251,44.30301,0.234
/Users/phongpham/Downloads/smartBinocular/data/weather/gray/6145.jpg,nir_night,D,nir_dehaze_lite,still_image_cold_start_mode,1.94915,0.037867,0.008756,7.70503,45.29183,1.73516,0.0224,0.002311,7.45852,48.29054,0.865
/Users/phongpham/Downloads/smartBinocular/data/weather/gray/4113.jpg,nir_night,A,HybridNIREnhancer,still_image_cold_start_mode,1.83472,0.000756,0.002844,7.43938,36.51462,2.10092,0.2136,0.000311,6.9773,39.79791,5.741
/Users/phongpham/Downloads/smartBinocular/data/weather/gray/4113.jpg,nir_night,B,nir_nir_night_clahe,still_image_cold_start_mode,1.83472,0.000756,0.002844,7.43938,36.51462,2.12416,0.004756,0.004667,7.79414,40.35669,0.245
/Users/phongpham/Downloads/smartBinocular/data/weather/gray/4113.jpg,nir_night,D,nir_dehaze_lite,still_image_cold_start_mode,1.83472,0.000756,0.002844,7.43938,36.51462,1.51555,0.003156,0.000889,6.87465,31.28462,0.844
/Users/phongpham/Downloads/smartBinocular/data/weather/gray/3506.jpg,nir_night,A,HybridNIREnhancer,still_image_cold_start_mode,1.89478,0.021689,0.003467,7.63322,60.61358,1.8938,0.107556,0.0,7.4458,50.20497,5.69
/Users/phongpham/Downloads/smartBinocular/data/weather/gray/3506.jpg,nir_night,B,nir_nir_night_clahe,still_image_cold_start_mode,1.89478,0.021689,0.003467,7.63322,60.61358,2.06192,0.01,0.003333,7.78453,51.02219,0.229
/Users/phongpham/Downloads/smartBinocular/data/weather/gray/3506.jpg,nir_night,D,nir_dehaze_lite,still_image_cold_start_mode,1.89478,0.021689,0.003467,7.63322,60.61358,1.64777,0.0156,0.000533,7.7257,63.62664,0.725
/Users/phongpham/Downloads/smartBinocular/data/weather/gray/3046.jpg,nir_night,A,HybridNIREnhancer,still_image_cold_start_mode,1.75829,8.9e-05,0.000933,7.39366,36.54428,1.84737,0.001822,0.0,7.49393,31.95971,5.978
/Users/phongpham/Downloads/smartBinocular/data/weather/gray/3046.jpg,nir_night,B,nir_nir_night_clahe,still_image_cold_start_mode,1.75829,8.9e-05,0.000933,7.39366,36.54428,2.08349,0.003067,0.001511,7.73412,40.52932,0.195
/Users/phongpham/Downloads/smartBinocular/data/weather/gray/3046.jpg,nir_night,D,nir_dehaze_lite,still_image_cold_start_mode,1.75829,8.9e-05,0.000933,7.39366,36.54428,1.50301,0.000622,0.0004,7.10651,33.23836,0.734
/Users/phongpham/Downloads/smartBinocular/data/weather/gray/2143.jpg,nir_night,A,HybridNIREnhancer,still_image_cold_start_mode,1.9086,0.000489,0.000844,7.35403,48.49669,2.13347,0.348089,0.000133,6.26684,42.12081,5.329
/Users/phongpham/Downloads/smartBinocular/data/weather/gray/2143.jpg,nir_night,B,nir_nir_night_clahe,still_image_cold_start_mode,1.9086,0.000489,0.000844,7.35403,48.49669,2.16032,0.005333,0.002667,7.74391,45.531,0.183
/Users/phongpham/Downloads/smartBinocular/data/weather/gray/2143.jpg,nir_night,D,nir_dehaze_lite,still_image_cold_start_mode,1.9086,0.000489,0.000844,7.35403,48.49669,1.63739,0.0,0.000933,7.29977,52.31749,1.084
/Users/phongpham/Downloads/smartBinocular/data/weather/gray/2585.jpg,nir_night,A,HybridNIREnhancer,still_image_cold_start_mode,1.5459,0.0008,4.4e-05,6.66572,28.05615,1.85017,0.095333,0.0,7.26232,36.20727,5.73
/Users/phongpham/Downloads/smartBinocular/data/weather/gray/2585.jpg,nir_night,B,nir_nir_night_clahe,still_image_cold_start_mode,1.5459,0.0008,4.4e-05,6.66572,28.05615,1.86634,0.002044,0.000267,7.34207,34.53497,0.291
/Users/phongpham/Downloads/smartBinocular/data/weather/gray/2585.jpg,nir_night,D,nir_dehaze_lite,still_image_cold_start_mode,1.5459,0.0008,4.4e-05,6.66572,28.05615,1.39163,0.0052,4.4e-05,6.06213,28.22278,1.13
/Users/phongpham/Downloads/smartBinocular/data/weather/gray/6627.jpg,nir_night,A,HybridNIREnhancer,still_image_cold_start_mode,1.69556,4.4e-05,0.001556,7.20834,58.78289,1.99857,0.350578,0.0,6.18006,57.19169,5.502
/Users/phongpham/Downloads/smartBinocular/data/weather/gray/6627.jpg,nir_night,B,nir_nir_night_clahe,still_image_cold_start_mode,1.69556,4.4e-05,0.001556,7.20834,58.78289,1.99237,4.4e-05,0.002267,7.63053,50.57077,0.199
/Users/phongpham/Downloads/smartBinocular/data/weather/gray/6627.jpg,nir_night,D,nir_dehaze_lite,still_image_cold_start_mode,1.69556,4.4e-05,0.001556,7.20834,58.78289,1.41913,0.000133,0.002756,7.21112,56.98597,0.666
/Users/phongpham/Downloads/smartBinocular/data/weather/gray/348.jpg,nir_night,A,HybridNIREnhancer,still_image_cold_start_mode,1.92286,0.002578,0.025333,7.76691,50.82626,2.02533,0.275644,4.4e-05,6.80631,54.37548,5.489
/Users/phongpham/Downloads/smartBinocular/data/weather/gray/348.jpg,nir_night,B,nir_nir_night_clahe,still_image_cold_start_mode,1.92286,0.002578,0.025333,7.76691,50.82626,2.04473,0.010267,0.009689,7.83809,50.52824,0.209
/Users/phongpham/Downloads/smartBinocular/data/weather/gray/348.jpg,nir_night,D,nir_dehaze_lite,still_image_cold_start_mode,1.92286,0.002578,0.025333,7.76691,50.82626,1.6247,0.002222,0.015867,7.27584,45.09236,0.893
/Users/phongpham/Downloads/smartBinocular/data/weather/gray/1751.jpg,nir_night,A,HybridNIREnhancer,still_image_cold_start_mode,1.24129,4.4e-05,0.0,5.81055,35.38386,1.37923,8.9e-05,0.0,6.56791,34.37338,5.485
/Users/phongpham/Downloads/smartBinocular/data/weather/gray/1751.jpg,nir_night,B,nir_nir_night_clahe,still_image_cold_start_mode,1.24129,4.4e-05,0.0,5.81055,35.38386,1.6204,8.9e-05,0.0,6.86827,39.2776,0.205
/Users/phongpham/Downloads/smartBinocular/data/weather/gray/1751.jpg,nir_night,D,nir_dehaze_lite,still_image_cold_start_mode,1.24129,4.4e-05,0.0,5.81055,35.38386,1.1946,0.0,0.0,6.41152,62.24227,1.139
/Users/phongpham/Downloads/smartBinocular/data/weather/gray/1681.jpg,nir_night,A,HybridNIREnhancer,still_image_cold_start_mode,1.94806,0.004756,0.007467,7.10826,27.10599,2.09619,0.176889,0.000133,7.18188,34.72104,6.04
/Users/phongpham/Downloads/smartBinocular/data/weather/gray/1681.jpg,nir_night,B,nir_nir_night_clahe,still_image_cold_start_mode,1.94806,0.004756,0.007467,7.10826,27.10599,2.13498,0.010044,0.002978,7.63421,31.93729,0.2
/Users/phongpham/Downloads/smartBinocular/data/weather/gray/1681.jpg,nir_night,D,nir_dehaze_lite,still_image_cold_start_mode,1.94806,0.004756,0.007467,7.10826,27.10599,1.69261,0.004667,0.002267,6.88944,35.89905,0.724
/Users/phongpham/Downloads/smartBinocular/data/weather/gray/38.jpg,nir_night,A,HybridNIREnhancer,still_image_cold_start_mode,1.82459,0.0012,0.001111,7.46152,50.10585,1.82824,0.008578,0.0,7.55072,46.51819,6.06
/Users/phongpham/Downloads/smartBinocular/data/weather/gray/38.jpg,nir_night,B,nir_nir_night_clahe,still_image_cold_start_mode,1.82459,0.0012,0.001111,7.46152,50.10585,2.01777,0.007689,0.002489,7.68337,49.18472,0.232
/Users/phongpham/Downloads/smartBinocular/data/weather/gray/38.jpg,nir_night,D,nir_dehaze_lite,still_image_cold_start_mode,1.82459,0.0012,0.001111,7.46152,50.10585,1.61618,8.9e-05,0.001689,7.75887,52.08601,0.982
/Users/phongpham/Downloads/smartBinocular/data/weather/gray/1710.jpg,nir_night,A,HybridNIREnhancer,still_image_cold_start_mode,2.02674,0.0024,0.004489,7.79826,59.79316,2.18716,0.361067,0.0,6.29015,49.21883,6.044
/Users/phongpham/Downloads/smartBinocular/data/weather/gray/1710.jpg,nir_night,B,nir_nir_night_clahe,still_image_cold_start_mode,2.02674,0.0024,0.004489,7.79826,59.79316,2.19237,0.008,0.005511,7.83972,46.6607,0.252
/Users/phongpham/Downloads/smartBinocular/data/weather/gray/1710.jpg,nir_night,D,nir_dehaze_lite,still_image_cold_start_mode,2.02674,0.0024,0.004489,7.79826,59.79316,1.69496,0.005422,0.002222,7.44136,46.02689,1.384
/Users/phongpham/Downloads/smartBinocular/data/weather/gray/3644.jpg,nir_night,A,HybridNIREnhancer,still_image_cold_start_mode,1.7824,0.008844,0.000267,7.72802,51.08103,1.85785,0.043911,0.0,7.53834,39.96458,5.494
/Users/phongpham/Downloads/smartBinocular/data/weather/gray/3644.jpg,nir_night,B,nir_nir_night_clahe,still_image_cold_start_mode,1.7824,0.008844,0.000267,7.72802,51.08103,2.07636,0.008356,0.001911,7.7813,44.90335,0.186
/Users/phongpham/Downloads/smartBinocular/data/weather/gray/3644.jpg,nir_night,D,nir_dehaze_lite,still_image_cold_start_mode,1.7824,0.008844,0.000267,7.72802,51.08103,1.50716,0.007778,4.4e-05,7.43679,46.41395,1.035
/Users/phongpham/Downloads/smartBinocular/data/weather/gray/830.jpg,nir_night,A,HybridNIREnhancer,still_image_cold_start_mode,1.62162,0.000267,0.003244,7.40534,79.68196,1.74408,0.1828,0.0,7.20029,66.6014,5.252
/Users/phongpham/Downloads/smartBinocular/data/weather/gray/830.jpg,nir_night,B,nir_nir_night_clahe,still_image_cold_start_mode,1.62162,0.000267,0.003244,7.40534,79.68196,2.00471,0.000578,0.001778,7.7264,59.356,0.271
/Users/phongpham/Downloads/smartBinocular/data/weather/gray/830.jpg,nir_night,D,nir_dehaze_lite,still_image_cold_start_mode,1.62162,0.000267,0.003244,7.40534,79.68196,1.30001,0.0004,0.008356,7.28561,74.52886,1.149
/Users/phongpham/Downloads/smartBinocular/data/weather/gray/3533.jpg,nir_night,A,HybridNIREnhancer,still_image_cold_start_mode,1.7038,0.008933,0.000667,7.22369,73.38991,1.74685,0.065689,0.0,7.51746,55.31208,5.389
/Users/phongpham/Downloads/smartBinocular/data/weather/gray/3533.jpg,nir_night,B,nir_nir_night_clahe,still_image_cold_start_mode,1.7038,0.008933,0.000667,7.22369,73.38991,1.98428,0.006978,0.001111,7.70412,45.02633,0.215
/Users/phongpham/Downloads/smartBinocular/data/weather/gray/3533.jpg,nir_night,D,nir_dehaze_lite,still_image_cold_start_mode,1.7038,0.008933,0.000667,7.22369,73.38991,1.40951,0.008933,0.000311,7.34569,60.63983,0.992
/Users/phongpham/Downloads/smartBinocular/data/weather/gray/5449.jpg,nir_night,A,HybridNIREnhancer,still_image_cold_start_mode,2.21029,0.031911,0.030578,7.75527,36.51872,2.28943,0.307511,4.4e-05,6.70097,37.15951,6.058
/Users/phongpham/Downloads/smartBinocular/data/weather/gray/5449.jpg,nir_night,B,nir_nir_night_clahe,still_image_cold_start_mode,2.21029,0.031911,0.030578,7.75527,36.51872,2.31634,0.022489,0.010844,7.85164,34.79126,0.295
/Users/phongpham/Downloads/smartBinocular/data/weather/gray/5449.jpg,nir_night,D,nir_dehaze_lite,still_image_cold_start_mode,2.21029,0.031911,0.030578,7.75527,36.51872,1.88746,0.006044,0.005822,7.47276,37.91226,1.173
/Users/phongpham/Downloads/smartBinocular/data/weather/gray/2948.jpg,nir_night,A,HybridNIREnhancer,still_image_cold_start_mode,1.61849,0.003244,0.011467,7.39634,40.38758,1.68377,0.016356,0.0,7.33789,34.84764,5.977
/Users/phongpham/Downloads/smartBinocular/data/weather/gray/2948.jpg,nir_night,B,nir_nir_night_clahe,still_image_cold_start_mode,1.61849,0.003244,0.011467,7.39634,40.38758,1.90461,0.0052,0.000978,7.63636,41.69395,0.296
/Users/phongpham/Downloads/smartBinocular/data/weather/gray/2948.jpg,nir_night,D,nir_dehaze_lite,still_image_cold_start_mode,1.61849,0.003244,0.011467,7.39634,40.38758,1.55872,0.007644,0.012578,7.59323,43.72495,1.098
/Users/phongpham/Downloads/smartBinocular/data/weather/gray/6949.jpg,nir_night,A,HybridNIREnhancer,still_image_cold_start_mode,1.97006,0.025244,0.01,7.70607,50.13972,2.12431,0.276044,0.0,6.78027,45.72757,6.076
/Users/phongpham/Downloads/smartBinocular/data/weather/gray/6949.jpg,nir_night,B,nir_nir_night_clahe,still_image_cold_start_mode,1.97006,0.025244,0.01,7.70607,50.13972,2.14442,0.023156,0.005956,7.79377,42.3598,0.21
/Users/phongpham/Downloads/smartBinocular/data/weather/gray/6949.jpg,nir_night,D,nir_dehaze_lite,still_image_cold_start_mode,1.97006,0.025244,0.01,7.70607,50.13972,1.70827,0.008933,0.005556,7.10008,43.75784,1.127
/Users/phongpham/Downloads/smartBinocular/data/weather/gray/1317.jpg,nir_night,A,HybridNIREnhancer,still_image_cold_start_mode,1.92559,0.140044,0.0228,7.13509,76.92888,2.15609,0.355689,0.0,6.24014,58.47329,6.332
/Users/phongpham/Downloads/smartBinocular/data/weather/gray/1317.jpg,nir_night,B,nir_nir_night_clahe,still_image_cold_start_mode,1.92559,0.140044,0.0228,7.13509,76.92888,2.16631,0.124444,0.007556,7.37487,63.61034,0.2
/Users/phongpham/Downloads/smartBinocular/data/weather/gray/1317.jpg,nir_night,D,nir_dehaze_lite,still_image_cold_start_mode,1.92559,0.140044,0.0228,7.13509,76.92888,1.61105,0.105689,0.042844,6.85692,78.07637,0.69
/Users/phongpham/Downloads/smartBinocular/data/weather/gray/6378.jpg,nir_night,A,HybridNIREnhancer,still_image_cold_start_mode,1.68303,0.002978,0.014889,7.6681,53.55158,1.98819,0.312756,0.0,6.45638,49.38838,5.578
/Users/phongpham/Downloads/smartBinocular/data/weather/gray/6378.jpg,nir_night,B,nir_nir_night_clahe,still_image_cold_start_mode,1.68303,0.002978,0.014889,7.6681,53.55158,2.00169,0.001867,0.0028,7.65226,43.49874,0.202
/Users/phongpham/Downloads/smartBinocular/data/weather/gray/6378.jpg,nir_night,D,nir_dehaze_lite,still_image_cold_start_mode,1.68303,0.002978,0.014889,7.6681,53.55158,1.43112,0.004844,0.030756,7.18045,41.63442,0.752
/Users/phongpham/Downloads/smartBinocular/data/weather/gray/4385.jpg,nir_night,A,HybridNIREnhancer,still_image_cold_start_mode,2.00282,0.006178,0.010356,7.54435,40.45338,1.98243,0.023156,0.0,7.69364,37.36199,5.658
/Users/phongpham/Downloads/smartBinocular/data/weather/gray/4385.jpg,nir_night,B,nir_nir_night_clahe,still_image_cold_start_mode,2.00282,0.006178,0.010356,7.54435,40.45338,2.11908,0.0124,0.0072,7.81979,44.13068,0.205
/Users/phongpham/Downloads/smartBinocular/data/weather/gray/4385.jpg,nir_night,D,nir_dehaze_lite,still_image_cold_start_mode,2.00282,0.006178,0.010356,7.54435,40.45338,1.76774,0.003111,0.005022,7.4404,38.02526,1.148
/Users/phongpham/Downloads/smartBinocular/data/weather/gray/4951.jpg,nir_night,A,HybridNIREnhancer,still_image_cold_start_mode,1.89808,0.038222,0.122267,7.52602,73.84361,2.0661,0.327867,0.0,6.31281,65.65811,6.462
/Users/phongpham/Downloads/smartBinocular/data/weather/gray/4951.jpg,nir_night,B,nir_nir_night_clahe,still_image_cold_start_mode,1.89808,0.038222,0.122267,7.52602,73.84361,2.04445,0.027822,0.013867,7.66093,62.79055,0.206
/Users/phongpham/Downloads/smartBinocular/data/weather/gray/4951.jpg,nir_night,D,nir_dehaze_lite,still_image_cold_start_mode,1.89808,0.038222,0.122267,7.52602,73.84361,1.63961,0.017778,0.126889,7.21163,60.94203,0.759
/Users/phongpham/Downloads/smartBinocular/data/weather/ExDark/Boat/2015_01164.JPEG,normal_night,A,HybridNIREnhancer,still_image_cold_start_mode,1.63694,0.002927,0.14003,6.14838,30.92906,1.62782,0.013829,4.3e-05,7.21129,78.11661,7.842
/Users/phongpham/Downloads/smartBinocular/data/weather/ExDark/Boat/2015_01164.JPEG,normal_night,B,nir_nir_night_clahe,still_image_cold_start_mode,1.63694,0.002927,0.14003,6.14838,30.92906,1.77402,0.003311,0.004665,6.89893,50.46903,0.649
/Users/phongpham/Downloads/smartBinocular/data/weather/ExDark/Boat/2015_01164.JPEG,normal_night,D,nir_dehaze_lite,still_image_cold_start_mode,1.63694,0.002927,0.14003,6.14838,30.92906,0.8506,0.000463,0.384396,5.89308,31.10461,3.427
/Users/phongpham/Downloads/smartBinocular/data/weather/ExDark/Car/2015_02750.jpg,normal_night,A,HybridNIREnhancer,still_image_cold_start_mode,1.263,0.000251,0.294737,5.7972,59.78104,1.01327,0.011256,0.0,6.71671,70.06787,8.385
/Users/phongpham/Downloads/smartBinocular/data/weather/ExDark/Car/2015_02750.jpg,normal_night,B,nir_nir_night_clahe,still_image_cold_start_mode,1.263,0.000251,0.294737,5.7972,59.78104,1.31502,0.000258,0.006018,6.37414,56.92892,1.743
/Users/phongpham/Downloads/smartBinocular/data/weather/ExDark/Car/2015_02750.jpg,normal_night,D,nir_dehaze_lite,still_image_cold_start_mode,1.263,0.000251,0.294737,5.7972,59.78104,0.3005,9.2e-05,0.542373,5.54505,60.58094,5.271
/Users/phongpham/Downloads/smartBinocular/data/weather/ExDark/Boat/2015_00975.jpg,normal_night,A,HybridNIREnhancer,still_image_cold_start_mode,0.96566,0.000169,0.042803,6.6232,28.38248,1.19761,0.0,0.012593,6.76002,66.06768,8.637
/Users/phongpham/Downloads/smartBinocular/data/weather/ExDark/Boat/2015_00975.jpg,normal_night,B,nir_nir_night_clahe,still_image_cold_start_mode,0.96566,0.000169,0.042803,6.6232,28.38248,1.24316,0.002696,0.003945,7.10296,37.13856,0.719
/Users/phongpham/Downloads/smartBinocular/data/weather/ExDark/Boat/2015_00975.jpg,normal_night,D,nir_dehaze_lite,still_image_cold_start_mode,0.96566,0.000169,0.042803,6.6232,28.38248,0.36068,0.002398,0.050553,5.97116,22.81957,3.202
/Users/phongpham/Downloads/smartBinocular/data/weather/ExDark/Motorbike/2015_06162.jpg,normal_night,A,HybridNIREnhancer,still_image_cold_start_mode,0.95831,0.000519,0.766558,3.00992,16.1917,1.17581,0.065209,0.0,4.15393,72.04248,8.541
/Users/phongpham/Downloads/smartBinocular/data/weather/ExDark/Motorbike/2015_06162.jpg,normal_night,B,nir_nir_night_clahe,still_image_cold_start_mode,0.95831,0.000519,0.766558,3.00992,16.1917,1.26486,0.000525,0.026221,3.43242,32.42526,1.868
/Users/phongpham/Downloads/smartBinocular/data/weather/ExDark/Motorbike/2015_06162.jpg,normal_night,D,nir_dehaze_lite,still_image_cold_start_mode,0.95831,0.000519,0.766558,3.00992,16.1917,0.17985,0.00014,0.759133,2.85602,13.89071,4.745
/Users/phongpham/Downloads/smartBinocular/data/weather/ExDark/Bus/2015_02400.png,normal_night,A,HybridNIREnhancer,still_image_cold_start_mode,1.08171,0.005712,0.253737,6.17704,39.52032,1.12197,0.322391,0.0,6.68755,87.19815,8.796
/Users/phongpham/Downloads/smartBinocular/data/weather/ExDark/Bus/2015_02400.png,normal_night,B,nir_nir_night_clahe,still_image_cold_start_mode,1.08171,0.005712,0.253737,6.17704,39.52032,1.13467,0.005139,0.011463,7.09449,54.08749,0.974
/Users/phongpham/Downloads/smartBinocular/data/weather/ExDark/Bus/2015_02400.png,normal_night,D,nir_dehaze_lite,still_image_cold_start_mode,1.08171,0.005712,0.253737,6.17704,39.52032,0.64684,0.00556,0.280686,5.83889,35.05345,1.55
/Users/phongpham/Downloads/smartBinocular/data/weather/ExDark/Car/2015_02681.JPG,normal_night,A,HybridNIREnhancer,still_image_cold_start_mode,0.61252,0.000185,0.150848,6.10406,35.05793,0.50367,0.0,0.000287,7.2337,85.2385,6.821
/Users/phongpham/Downloads/smartBinocular/data/weather/ExDark/Car/2015_02681.JPG,normal_night,B,nir_nir_night_clahe,still_image_cold_start_mode,0.61252,0.000185,0.150848,6.10406,35.05793,0.92989,0.000359,0.004079,7.02265,52.48275,22.82
/Users/phongpham/Downloads/smartBinocular/data/weather/ExDark/Car/2015_02681.JPG,normal_night,D,nir_dehaze_lite,still_image_cold_start_mode,0.61252,0.000185,0.150848,6.10406,35.05793,0.06291,0.0,0.319809,5.89065,31.23943,35.125
/Users/phongpham/Downloads/smartBinocular/data/weather/ExDark/Bus/2015_01987.jpg,normal_night,A,HybridNIREnhancer,still_image_cold_start_mode,1.51877,0.014138,0.545504,4.95526,49.63288,1.25127,0.179364,0.0,5.44934,81.77632,9.542
/Users/phongpham/Downloads/smartBinocular/data/weather/ExDark/Bus/2015_01987.jpg,normal_night,B,nir_nir_night_clahe,still_image_cold_start_mode,1.51877,0.014138,0.545504,4.95526,49.63288,1.54899,0.011456,0.01895,5.33602,55.03448,1.76
/Users/phongpham/Downloads/smartBinocular/data/weather/ExDark/Bus/2015_01987.jpg,normal_night,D,nir_dehaze_lite,still_image_cold_start_mode,1.51877,0.014138,0.545504,4.95526,49.63288,0.52434,0.009434,0.541451,4.85457,45.62908,5.021
/Users/phongpham/Downloads/smartBinocular/data/weather/ExDark/Boat/2015_00937.jpg,normal_night,A,HybridNIREnhancer,still_image_cold_start_mode,1.14567,0.0006,0.147256,6.72359,57.03833,0.79602,0.000171,4e-05,6.768,83.31564,7.266
/Users/phongpham/Downloads/smartBinocular/data/weather/ExDark/Boat/2015_00937.jpg,normal_night,B,nir_nir_night_clahe,still_image_cold_start_mode,1.14567,0.0006,0.147256,6.72359,57.03833,1.47029,0.000695,0.001145,7.02407,51.88734,5.115
/Users/phongpham/Downloads/smartBinocular/data/weather/ExDark/Boat/2015_00937.jpg,normal_night,D,nir_dehaze_lite,still_image_cold_start_mode,1.14567,0.0006,0.147256,6.72359,57.03833,0.06217,0.0,0.180384,6.72842,56.1471,11.229
/Users/phongpham/Downloads/smartBinocular/data/weather/ExDark/Boat/2015_00840.jpg,normal_night,A,HybridNIREnhancer,still_image_cold_start_mode,1.53334,0.000338,0.001937,6.55851,28.59299,1.50265,0.0,0.002784,7.18946,50.81249,9.205
/Users/phongpham/Downloads/smartBinocular/data/weather/ExDark/Boat/2015_00840.jpg,normal_night,B,nir_nir_night_clahe,still_image_cold_start_mode,1.53334,0.000338,0.001937,6.55851,28.59299,1.71015,0.00164,0.002293,7.45418,48.12306,1.221
/Users/phongpham/Downloads/smartBinocular/data/weather/ExDark/Boat/2015_00840.jpg,normal_night,D,nir_dehaze_lite,still_image_cold_start_mode,1.53334,0.000338,0.001937,6.55851,28.59299,0.81812,0.000671,0.001972,6.51621,32.70969,3.526
/Users/phongpham/Downloads/smartBinocular/data/weather/ExDark/Bus/2015_02133.jpg,normal_night,A,HybridNIREnhancer,still_image_cold_start_mode,1.58018,0.007493,0.340508,5.75123,39.76791,1.41023,0.11966,0.0,7.11149,75.26751,5.848
/Users/phongpham/Downloads/smartBinocular/data/weather/ExDark/Bus/2015_02133.jpg,normal_night,B,nir_nir_night_clahe,still_image_cold_start_mode,1.58018,0.007493,0.340508,5.75123,39.76791,1.6745,0.006664,0.00384,6.33199,47.97913,1.079
/Users/phongpham/Downloads/smartBinocular/data/weather/ExDark/Bus/2015_02133.jpg,normal_night,D,nir_dehaze_lite,still_image_cold_start_mode,1.58018,0.007493,0.340508,5.75123,39.76791,0.59983,0.004456,0.504798,5.26247,38.10601,2.958
/Users/phongpham/Downloads/smartBinocular/data/weather/ExDark/Bus/2015_02385.jpg,normal_night,A,HybridNIREnhancer,still_image_cold_start_mode,1.33325,0.014367,0.493123,5.20332,43.22688,1.05402,0.176696,0.0,6.29928,76.44464,6.493
/Users/phongpham/Downloads/smartBinocular/data/weather/ExDark/Bus/2015_02385.jpg,normal_night,B,nir_nir_night_clahe,still_image_cold_start_mode,1.33325,0.014367,0.493123,5.20332,43.22688,1.38658,0.011277,0.003856,5.94274,51.01397,1.623
/Users/phongpham/Downloads/smartBinocular/data/weather/ExDark/Bus/2015_02385.jpg,normal_night,D,nir_dehaze_lite,still_image_cold_start_mode,1.33325,0.014367,0.493123,5.20332,43.22688,0.46714,0.008079,0.632444,4.63217,41.1857,1.523
/Users/phongpham/Downloads/smartBinocular/data/weather/ExDark/Boat/2015_00979.jpg,normal_night,A,HybridNIREnhancer,still_image_cold_start_mode,1.631,0.009993,0.554256,5.47109,51.39882,1.38398,0.204051,0.0,6.11651,84.29889,7.816
/Users/phongpham/Downloads/smartBinocular/data/weather/ExDark/Boat/2015_00979.jpg,normal_night,B,nir_nir_night_clahe,still_image_cold_start_mode,1.631,0.009993,0.554256,5.47109,51.39882,1.68716,0.008028,0.032128,5.94807,59.48378,1.421
/Users/phongpham/Downloads/smartBinocular/data/weather/ExDark/Boat/2015_00979.jpg,normal_night,D,nir_dehaze_lite,still_image_cold_start_mode,1.631,0.009993,0.554256,5.47109,51.39882,0.60891,0.00501,0.5271,5.39033,48.68712,2.829
/Users/phongpham/Downloads/smartBinocular/data/weather/ExDark/Bus/2015_02153.jpg,normal_night,A,HybridNIREnhancer,still_image_cold_start_mode,1.78305,0.018556,0.021648,7.15413,49.71073,1.53352,0.288102,5.5e-05,7.0321,70.35373,8.696
/Users/phongpham/Downloads/smartBinocular/data/weather/ExDark/Bus/2015_02153.jpg,normal_night,B,nir_nir_night_clahe,still_image_cold_start_mode,1.78305,0.018556,0.021648,7.15413,49.71073,1.92189,0.015145,0.006694,7.78475,59.06845,1.346
/Users/phongpham/Downloads/smartBinocular/data/weather/ExDark/Bus/2015_02153.jpg,normal_night,D,nir_dehaze_lite,still_image_cold_start_mode,1.78305,0.018556,0.021648,7.15413,49.71073,0.75006,0.006661,0.067129,6.88763,46.51076,2.158
/Users/phongpham/Downloads/smartBinocular/data/weather/ExDark/Boat/2015_01066.jpg,normal_night,A,HybridNIREnhancer,still_image_cold_start_mode,1.28134,0.00014,0.059214,6.14468,33.36224,1.30763,0.005472,0.000569,7.40827,68.4696,7.816
/Users/phongpham/Downloads/smartBinocular/data/weather/ExDark/Boat/2015_01066.jpg,normal_night,B,nir_nir_night_clahe,still_image_cold_start_mode,1.28134,0.00014,0.059214,6.14468,33.36224,1.47156,0.00172,0.021334,7.02139,49.22699,1.029
/Users/phongpham/Downloads/smartBinocular/data/weather/ExDark/Boat/2015_01066.jpg,normal_night,D,nir_dehaze_lite,still_image_cold_start_mode,1.28134,0.00014,0.059214,6.14468,33.36224,0.50661,0.000915,0.095179,6.38983,36.28484,2.807
/Users/phongpham/Downloads/smartBinocular/data/weather/ExDark/Car/2015_02756.jpg,normal_night,A,HybridNIREnhancer,still_image_cold_start_mode,0.88729,0.0001,0.77777,3.52245,12.96282,1.12785,0.016919,0.0,5.4553,52.64576,7.83
/Users/phongpham/Downloads/smartBinocular/data/weather/ExDark/Car/2015_02756.jpg,normal_night,B,nir_nir_night_clahe,still_image_cold_start_mode,0.88729,0.0001,0.77777,3.52245,12.96282,1.02224,0.000104,0.000604,3.73625,19.85674,1.083
/Users/phongpham/Downloads/smartBinocular/data/weather/ExDark/Car/2015_02756.jpg,normal_night,D,nir_dehaze_lite,still_image_cold_start_mode,0.88729,0.0001,0.77777,3.52245,12.96282,0.19228,0.0,0.791996,3.12629,12.53672,3.325
/Users/phongpham/Downloads/smartBinocular/data/weather/ExDark/Bus/2015_02338.jpg,normal_night,A,HybridNIREnhancer,still_image_cold_start_mode,1.3301,0.001721,0.372279,5.57825,29.95896,1.18414,0.178094,0.0,6.75768,87.55224,8.903
/Users/phongpham/Downloads/smartBinocular/data/weather/ExDark/Bus/2015_02338.jpg,normal_night,B,nir_nir_night_clahe,still_image_cold_start_mode,1.3301,0.001721,0.372279,5.57825,29.95896,1.56107,0.001879,0.002842,6.46974,43.83356,1.586
/Users/phongpham/Downloads/smartBinocular/data/weather/ExDark/Bus/2015_02338.jpg,normal_night,D,nir_dehaze_lite,still_image_cold_start_mode,1.3301,0.001721,0.372279,5.57825,29.95896,0.43275,0.00116,0.478292,5.1568,28.71991,1.323
/Users/phongpham/Downloads/smartBinocular/data/weather/ExDark/Motorbike/2015_05758.jpg,normal_night,A,HybridNIREnhancer,still_image_cold_start_mode,0.82751,0.004768,0.612905,4.87496,38.74078,0.60064,0.142468,0.0,5.87703,79.27036,5.697
/Users/phongpham/Downloads/smartBinocular/data/weather/ExDark/Motorbike/2015_05758.jpg,normal_night,B,nir_nir_night_clahe,still_image_cold_start_mode,0.82751,0.004768,0.612905,4.87496,38.74078,0.96781,0.003565,0.00039,4.98253,49.70654,4.713
/Users/phongpham/Downloads/smartBinocular/data/weather/ExDark/Motorbike/2015_05758.jpg,normal_night,D,nir_dehaze_lite,still_image_cold_start_mode,0.82751,0.004768,0.612905,4.87496,38.74078,-0.01784,0.003928,0.65092,4.45575,34.32437,9.423
/Users/phongpham/Downloads/smartBinocular/data/weather/ExDark/Car/2015_02694.JPG,normal_night,A,HybridNIREnhancer,still_image_cold_start_mode,0.55898,0.000557,0.510202,4.84325,19.94994,0.19917,0.083026,1e-06,7.13302,73.60789,9.242
/Users/phongpham/Downloads/smartBinocular/data/weather/ExDark/Car/2015_02694.JPG,normal_night,B,nir_nir_night_clahe,still_image_cold_start_mode,0.55898,0.000557,0.510202,4.84325,19.94994,0.88167,0.000615,0.007911,5.49542,32.0194,53.932
/Users/phongpham/Downloads/smartBinocular/data/weather/ExDark/Car/2015_02694.JPG,normal_night,D,nir_dehaze_lite,still_image_cold_start_mode,0.55898,0.000557,0.510202,4.84325,19.94994,-0.12408,1.3e-05,0.604163,4.47988,17.81989,17.044
/Users/phongpham/Downloads/smartBinocular/data/weather/ExDark/Boat/2015_01319.png,normal_night,A,HybridNIREnhancer,still_image_cold_start_mode,0.76198,0.000274,0.256527,5.93858,23.73812,0.97115,0.0,0.004309,6.68739,92.56515,6.264
/Users/phongpham/Downloads/smartBinocular/data/weather/ExDark/Boat/2015_01319.png,normal_night,B,nir_nir_night_clahe,still_image_cold_start_mode,0.76198,0.000274,0.256527,5.93858,23.73812,1.08416,0.000471,0.005967,6.8877,49.20294,2.462
/Users/phongpham/Downloads/smartBinocular/data/weather/ExDark/Boat/2015_01319.png,normal_night,D,nir_dehaze_lite,still_image_cold_start_mode,0.76198,0.000274,0.256527,5.93858,23.73812,0.22073,4.1e-05,0.307733,5.65995,19.27751,4.908
/Users/phongpham/Downloads/smartBinocular/data/weather/ExDark/Car/2015_02716.jpg,normal_night,A,HybridNIREnhancer,still_image_cold_start_mode,1.26665,0.005165,0.211486,6.2588,33.32751,1.12344,0.138388,4.3e-05,6.47215,89.54247,6.313
/Users/phongpham/Downloads/smartBinocular/data/weather/ExDark/Car/2015_02716.jpg,normal_night,B,nir_nir_night_clahe,still_image_cold_start_mode,1.26665,0.005165,0.211486,6.2588,33.32751,1.48946,0.005124,0.002076,6.90274,44.39896,1.834
/Users/phongpham/Downloads/smartBinocular/data/weather/ExDark/Car/2015_02716.jpg,normal_night,D,nir_dehaze_lite,still_image_cold_start_mode,1.26665,0.005165,0.211486,6.2588,33.32751,0.37186,0.004401,0.402746,5.00726,28.96253,3.76
/Users/phongpham/Downloads/smartBinocular/data/weather/ExDark/Car/2015_02655.JPG,normal_night,A,HybridNIREnhancer,still_image_cold_start_mode,0.49276,0.000932,0.0,6.26999,46.81662,0.33786,0.001086,0.0,7.06118,75.16059,11.143
/Users/phongpham/Downloads/smartBinocular/data/weather/ExDark/Car/2015_02655.JPG,normal_night,B,nir_nir_night_clahe,still_image_cold_start_mode,0.49276,0.000932,0.0,6.26999,46.81662,0.91696,0.001219,0.000101,7.23105,50.23048,31.253
/Users/phongpham/Downloads/smartBinocular/data/weather/ExDark/Car/2015_02655.JPG,normal_night,D,nir_dehaze_lite,still_image_cold_start_mode,0.49276,0.000932,0.0,6.26999,46.81662,-0.00505,0.000308,0.000282,6.25146,49.42873,50.05
/Users/phongpham/Downloads/smartBinocular/data/weather/ExDark/Bus/2015_02058.jpg,normal_night,A,HybridNIREnhancer,still_image_cold_start_mode,1.38605,0.007832,0.145238,6.77767,50.74804,1.24936,0.175647,0.0,7.15371,80.33316,5.502
/Users/phongpham/Downloads/smartBinocular/data/weather/ExDark/Bus/2015_02058.jpg,normal_night,B,nir_nir_night_clahe,still_image_cold_start_mode,1.38605,0.007832,0.145238,6.77767,50.74804,1.52803,0.005529,0.002362,7.26892,58.15813,1.035
/Users/phongpham/Downloads/smartBinocular/data/weather/ExDark/Bus/2015_02058.jpg,normal_night,D,nir_dehaze_lite,still_image_cold_start_mode,1.38605,0.007832,0.145238,6.77767,50.74804,0.50453,0.00504,0.174495,6.61643,45.39937,2.472
/Users/phongpham/Downloads/smartBinocular/data/weather/ExDark/Bus/2015_02293.jpg,normal_night,A,HybridNIREnhancer,still_image_cold_start_mode,1.10303,0.001129,0.501252,4.3767,28.91962,1.24214,0.038331,0.0,6.14551,72.7827,5.292
/Users/phongpham/Downloads/smartBinocular/data/weather/ExDark/Bus/2015_02293.jpg,normal_night,B,nir_nir_night_clahe,still_image_cold_start_mode,1.10303,0.001129,0.501252,4.3767,28.91962,1.17865,0.001168,0.001146,5.35972,38.40231,0.642
/Users/phongpham/Downloads/smartBinocular/data/weather/ExDark/Bus/2015_02293.jpg,normal_night,D,nir_dehaze_lite,still_image_cold_start_mode,1.10303,0.001129,0.501252,4.3767,28.91962,0.64202,0.000197,0.59822,4.33644,28.10343,1.84
/Users/phongpham/Downloads/smartBinocular/data/weather/ExDark/Boat/2015_00945.jpg,normal_night,A,HybridNIREnhancer,still_image_cold_start_mode,1.33267,0.001581,0.104032,7.35548,64.93228,1.0655,0.122922,0.0,7.39925,81.48546,5.229
/Users/phongpham/Downloads/smartBinocular/data/weather/ExDark/Boat/2015_00945.jpg,normal_night,B,nir_nir_night_clahe,still_image_cold_start_mode,1.33267,0.001581,0.104032,7.35548,64.93228,1.46355,0.001079,0.003586,7.54128,58.18941,0.833
/Users/phongpham/Downloads/smartBinocular/data/weather/ExDark/Boat/2015_00945.jpg,normal_night,D,nir_dehaze_lite,still_image_cold_start_mode,1.33267,0.001581,0.104032,7.35548,64.93228,0.43203,0.000878,0.193761,6.83928,48.69036,2.034
/Users/phongpham/Downloads/smartBinocular/data/weather/ExDark/Bus/2015_01900.jpg,normal_night,A,HybridNIREnhancer,still_image_cold_start_mode,1.75102,8.4e-05,0.097275,6.92998,41.86608,1.63492,0.0,0.001821,7.14832,74.31084,5.48
/Users/phongpham/Downloads/smartBinocular/data/weather/ExDark/Bus/2015_01900.jpg,normal_night,B,nir_nir_night_clahe,still_image_cold_start_mode,1.75102,8.4e-05,0.097275,6.92998,41.86608,2.0088,0.0006,0.011894,7.65196,55.09457,0.806
/Users/phongpham/Downloads/smartBinocular/data/weather/ExDark/Bus/2015_01900.jpg,normal_night,D,nir_dehaze_lite,still_image_cold_start_mode,1.75102,8.4e-05,0.097275,6.92998,41.86608,0.69288,0.0,0.116395,6.69833,41.81454,2.57
/Users/phongpham/Downloads/smartBinocular/data/weather/ExDark/Motorbike/2015_06088.jpg,normal_night,A,HybridNIREnhancer,still_image_cold_start_mode,1.00169,0.001024,0.006031,6.10997,26.66899,1.18534,0.0,0.000624,7.27987,70.78747,5.277
/Users/phongpham/Downloads/smartBinocular/data/weather/ExDark/Motorbike/2015_06088.jpg,normal_night,B,nir_nir_night_clahe,still_image_cold_start_mode,1.00169,0.001024,0.006031,6.10997,26.66899,1.23851,0.001431,0.001198,7.08451,47.78307,1.298
/Users/phongpham/Downloads/smartBinocular/data/weather/ExDark/Motorbike/2015_06088.jpg,normal_night,D,nir_dehaze_lite,still_image_cold_start_mode,1.00169,0.001024,0.006031,6.10997,26.66899,0.37182,0.001344,0.154626,5.83548,25.2702,3.439
/Users/phongpham/Downloads/smartBinocular/data/weather/ExDark/Bus/2015_02202.jpg,normal_night,A,HybridNIREnhancer,still_image_cold_start_mode,1.84018,0.002498,0.228901,6.74581,38.26671,1.60441,0.0,0.019054,7.18231,81.14611,5.663
/Users/phongpham/Downloads/smartBinocular/data/weather/ExDark/Bus/2015_02202.jpg,normal_night,B,nir_nir_night_clahe,still_image_cold_start_mode,1.84018,0.002498,0.228901,6.74581,38.26671,1.99963,0.003389,0.0535,7.36677,53.32652,0.834
/Users/phongpham/Downloads/smartBinocular/data/weather/ExDark/Bus/2015_02202.jpg,normal_night,D,nir_dehaze_lite,still_image_cold_start_mode,1.84018,0.002498,0.228901,6.74581,38.26671,0.72758,0.000341,0.172053,6.67207,35.6561,2.04
/Users/phongpham/Downloads/smartBinocular/data/weather/ExDark/Boat/2015_01322.png,normal_night,A,HybridNIREnhancer,still_image_cold_start_mode,1.04789,0.002879,0.02394,6.39866,32.75246,1.04273,0.0,0.001897,7.06734,76.2873,6.302
/Users/phongpham/Downloads/smartBinocular/data/weather/ExDark/Boat/2015_01322.png,normal_night,B,nir_nir_night_clahe,still_image_cold_start_mode,1.04789,0.002879,0.02394,6.39866,32.75246,1.23128,0.001988,0.002511,7.49074,49.28223,2.153
/Users/phongpham/Downloads/smartBinocular/data/weather/ExDark/Boat/2015_01322.png,normal_night,D,nir_dehaze_lite,still_image_cold_start_mode,1.04789,0.002879,0.02394,6.39866,32.75246,0.3409,0.003017,0.080675,5.9498,31.17665,4.843
/Users/phongpham/Downloads/smartBinocular/data/weather/ExDark/Motorbike/2015_05794.jpg,normal_night,A,HybridNIREnhancer,still_image_cold_start_mode,1.58571,0.001103,0.126688,6.75013,40.91113,1.67668,0.022274,0.000181,7.38586,67.89675,6.067
/Users/phongpham/Downloads/smartBinocular/data/weather/ExDark/Motorbike/2015_05794.jpg,normal_night,B,nir_nir_night_clahe,still_image_cold_start_mode,1.58571,0.001103,0.126688,6.75013,40.91113,1.7424,0.001745,0.005841,7.48376,54.02993,1.135
/Users/phongpham/Downloads/smartBinocular/data/weather/ExDark/Motorbike/2015_05794.jpg,normal_night,D,nir_dehaze_lite,still_image_cold_start_mode,1.58571,0.001103,0.126688,6.75013,40.91113,0.82195,0.001109,0.134052,6.63283,40.30451,2.354
/Users/phongpham/Downloads/smartBinocular/data/weather/ExDark/Car/2015_02754.jpg,normal_night,A,HybridNIREnhancer,still_image_cold_start_mode,0.85974,0.00056,0.350384,5.58897,20.56229,1.09657,0.0,0.000385,6.5811,93.62009,6.239
/Users/phongpham/Downloads/smartBinocular/data/weather/ExDark/Car/2015_02754.jpg,normal_night,B,nir_nir_night_clahe,still_image_cold_start_mode,0.85974,0.00056,0.350384,5.58897,20.56229,1.30213,0.000598,0.003105,6.56003,41.63772,1.962
/Users/phongpham/Downloads/smartBinocular/data/weather/ExDark/Car/2015_02754.jpg,normal_night,D,nir_dehaze_lite,still_image_cold_start_mode,0.85974,0.00056,0.350384,5.58897,20.56229,0.14589,0.000303,0.461073,4.73423,13.95445,6.248
/Users/phongpham/Downloads/smartBinocular/data/weather/weather11/dataset/fogsmog/4351.jpg,fog,A,HybridNIREnhancer,still_image_cold_start_mode,0.37847,6.9e-05,0.0,5.56892,14.17086,0.11836,3.7e-05,0.0,5.75768,15.05937,9.034
/Users/phongpham/Downloads/smartBinocular/data/weather/weather11/dataset/fogsmog/4351.jpg,fog,B,nir_nir_night_clahe,still_image_cold_start_mode,0.37847,6.9e-05,0.0,5.56892,14.17086,0.93901,8.2e-05,0.0,6.29414,19.48025,41.465
/Users/phongpham/Downloads/smartBinocular/data/weather/weather11/dataset/fogsmog/4351.jpg,fog,D,nir_dehaze_lite,still_image_cold_start_mode,0.37847,6.9e-05,0.0,5.56892,14.17086,-0.05202,1e-06,0.0,6.90705,40.94433,13.642
/Users/phongpham/Downloads/smartBinocular/data/weather/weather11/dataset/fogsmog/4730.jpg,fog,A,HybridNIREnhancer,still_image_cold_start_mode,0.82597,0.102955,0.0,6.87291,75.01843,0.85979,0.277141,0.0,6.55076,66.99279,7.015
/Users/phongpham/Downloads/smartBinocular/data/weather/weather11/dataset/fogsmog/4730.jpg,fog,B,nir_nir_night_clahe,still_image_cold_start_mode,0.82597,0.102955,0.0,6.87291,75.01843,1.11151,0.033207,9.7e-05,7.30158,64.91988,0.614
/Users/phongpham/Downloads/smartBinocular/data/weather/weather11/dataset/fogsmog/4730.jpg,fog,D,nir_dehaze_lite,still_image_cold_start_mode,0.82597,0.102955,0.0,6.87291,75.01843,0.56764,0.012016,0.0,7.28935,83.95225,1.407
/Users/phongpham/Downloads/smartBinocular/data/weather/weather11/dataset/fogsmog/4779.jpg,fog,A,HybridNIREnhancer,still_image_cold_start_mode,1.55352,0.0,0.032419,6.52399,39.41139,1.41252,0.0,0.0,6.67118,37.65617,5.596
/Users/phongpham/Downloads/smartBinocular/data/weather/weather11/dataset/fogsmog/4779.jpg,fog,B,nir_nir_night_clahe,still_image_cold_start_mode,1.55352,0.0,0.032419,6.52399,39.41139,1.76725,0.0,0.025323,6.74269,41.71653,0.584
/Users/phongpham/Downloads/smartBinocular/data/weather/weather11/dataset/fogsmog/4779.jpg,fog,D,nir_dehaze_lite,still_image_cold_start_mode,1.55352,0.0,0.032419,6.52399,39.41139,0.90144,0.0,0.015986,7.29434,46.2499,1.931
/Users/phongpham/Downloads/smartBinocular/data/weather/weather11/dataset/fogsmog/4645.jpg,fog,A,HybridNIREnhancer,still_image_cold_start_mode,1.21539,0.008667,0.0,7.81062,68.05578,1.00017,0.058117,0.0,7.6427,60.58413,5.478
/Users/phongpham/Downloads/smartBinocular/data/weather/weather11/dataset/fogsmog/4645.jpg,fog,B,nir_nir_night_clahe,still_image_cold_start_mode,1.21539,0.008667,0.0,7.81062,68.05578,1.27858,0.003608,0.000392,7.74443,57.52997,0.728
/Users/phongpham/Downloads/smartBinocular/data/weather/weather11/dataset/fogsmog/4645.jpg,fog,D,nir_dehaze_lite,still_image_cold_start_mode,1.21539,0.008667,0.0,7.81062,68.05578,0.62096,0.00235,0.004958,7.49817,63.86407,2.065
/Users/phongpham/Downloads/smartBinocular/data/weather/weather11/dataset/fogsmog/4299.jpg,fog,A,HybridNIREnhancer,still_image_cold_start_mode,1.12467,0.098857,1e-05,7.61242,80.60274,1.34297,0.17698,0.0,7.18258,66.78653,8.189
/Users/phongpham/Downloads/smartBinocular/data/weather/weather11/dataset/fogsmog/4299.jpg,fog,B,nir_nir_night_clahe,still_image_cold_start_mode,1.12467,0.098857,1e-05,7.61242,80.60274,1.45935,0.058304,0.000266,7.69313,63.37324,0.644
/Users/phongpham/Downloads/smartBinocular/data/weather/weather11/dataset/fogsmog/4299.jpg,fog,D,nir_dehaze_lite,still_image_cold_start_mode,1.12467,0.098857,1e-05,7.61242,80.60274,0.6968,0.04997,0.003576,7.51274,76.58262,1.77
/Users/phongpham/Downloads/smartBinocular/data/weather/weather11/dataset/fogsmog/4776.jpg,fog,A,HybridNIREnhancer,still_image_cold_start_mode,1.01464,0.0,0.0,6.17566,23.11283,1.05426,0.0,0.0,6.50995,26.14731,8.602
/Users/phongpham/Downloads/smartBinocular/data/weather/weather11/dataset/fogsmog/4776.jpg,fog,B,nir_nir_night_clahe,still_image_cold_start_mode,1.01464,0.0,0.0,6.17566,23.11283,1.45357,0.0,0.0,6.82186,31.84453,1.135
/Users/phongpham/Downloads/smartBinocular/data/weather/weather11/dataset/fogsmog/4776.jpg,fog,D,nir_dehaze_lite,still_image_cold_start_mode,1.01464,0.0,0.0,6.17566,23.11283,0.67575,0.0,0.0,7.09793,43.87151,2.733
/Users/phongpham/Downloads/smartBinocular/data/weather/weather11/dataset/fogsmog/4407.jpg,fog,A,HybridNIREnhancer,still_image_cold_start_mode,0.9539,0.0,0.0,6.59228,31.67894,1.07607,0.0,0.0,6.65115,28.8796,6.85
/Users/phongpham/Downloads/smartBinocular/data/weather/weather11/dataset/fogsmog/4407.jpg,fog,B,nir_nir_night_clahe,still_image_cold_start_mode,0.9539,0.0,0.0,6.59228,31.67894,1.36768,0.0,0.0,7.08886,38.18142,0.738
/Users/phongpham/Downloads/smartBinocular/data/weather/weather11/dataset/fogsmog/4407.jpg,fog,D,nir_dehaze_lite,still_image_cold_start_mode,0.9539,0.0,0.0,6.59228,31.67894,0.75999,0.0,0.0,7.17766,39.49625,1.841
/Users/phongpham/Downloads/smartBinocular/data/weather/weather11/dataset/fogsmog/4861.jpg,fog,A,HybridNIREnhancer,still_image_cold_start_mode,0.83793,0.0,0.0,7.06488,45.30481,0.88858,0.021887,0.0,7.11232,41.54962,8.065
/Users/phongpham/Downloads/smartBinocular/data/weather/weather11/dataset/fogsmog/4861.jpg,fog,B,nir_nir_night_clahe,still_image_cold_start_mode,0.83793,0.0,0.0,7.06488,45.30481,1.23953,6.6e-05,0.0,7.3084,47.93893,0.642
/Users/phongpham/Downloads/smartBinocular/data/weather/weather11/dataset/fogsmog/4861.jpg,fog,D,nir_dehaze_lite,still_image_cold_start_mode,0.83793,0.0,0.0,7.06488,45.30481,0.52502,0.0,0.0,7.63707,59.06163,2.119
/Users/phongpham/Downloads/smartBinocular/data/weather/weather11/dataset/fogsmog/4869.jpg,fog,A,HybridNIREnhancer,still_image_cold_start_mode,1.00669,0.002152,0.000113,7.24652,56.58847,1.17076,0.179981,0.0,7.17143,71.88652,5.746
/Users/phongpham/Downloads/smartBinocular/data/weather/weather11/dataset/fogsmog/4869.jpg,fog,B,nir_nir_night_clahe,still_image_cold_start_mode,1.00669,0.002152,0.000113,7.24652,56.58847,1.19594,0.004389,0.000207,7.60767,55.66554,0.528
/Users/phongpham/Downloads/smartBinocular/data/weather/weather11/dataset/fogsmog/4869.jpg,fog,D,nir_dehaze_lite,still_image_cold_start_mode,1.00669,0.002152,0.000113,7.24652,56.58847,0.76489,0.005216,0.045526,6.31087,45.38379,2.105
/Users/phongpham/Downloads/smartBinocular/data/weather/weather11/dataset/fogsmog/4132.jpg,fog,A,HybridNIREnhancer,still_image_cold_start_mode,1.1476,0.001391,0.0,6.23064,21.25917,1.06813,0.000395,0.0,6.37471,23.19985,7.818
/Users/phongpham/Downloads/smartBinocular/data/weather/weather11/dataset/fogsmog/4132.jpg,fog,B,nir_nir_night_clahe,still_image_cold_start_mode,1.1476,0.001391,0.0,6.23064,21.25917,1.42038,0.001203,0.0,6.88124,30.56782,0.694
/Users/phongpham/Downloads/smartBinocular/data/weather/weather11/dataset/fogsmog/4132.jpg,fog,D,nir_dehaze_lite,still_image_cold_start_mode,1.1476,0.001391,0.0,6.23064,21.25917,0.71534,6.6e-05,0.0,7.01106,38.68994,2.121
/Users/phongpham/Downloads/smartBinocular/data/weather/weather11/dataset/fogsmog/4309.jpg,fog,A,HybridNIREnhancer,still_image_cold_start_mode,1.45812,7.5e-05,0.0,7.22869,43.65336,1.52496,0.001577,0.0,7.30274,42.5391,8.416
/Users/phongpham/Downloads/smartBinocular/data/weather/weather11/dataset/fogsmog/4309.jpg,fog,B,nir_nir_night_clahe,still_image_cold_start_mode,1.45812,7.5e-05,0.0,7.22869,43.65336,1.71684,0.000565,9.6e-05,7.6509,50.75124,0.838
/Users/phongpham/Downloads/smartBinocular/data/weather/weather11/dataset/fogsmog/4309.jpg,fog,D,nir_dehaze_lite,still_image_cold_start_mode,1.45812,7.5e-05,0.0,7.22869,43.65336,0.91611,0.0,0.0,7.49648,56.59027,2.195
/Users/phongpham/Downloads/smartBinocular/data/weather/weather11/dataset/fogsmog/4916.jpg,fog,A,HybridNIREnhancer,still_image_cold_start_mode,1.15537,0.0,0.000155,6.58388,25.72985,1.30923,0.000174,0.0,6.9753,29.07224,7.035
/Users/phongpham/Downloads/smartBinocular/data/weather/weather11/dataset/fogsmog/4916.jpg,fog,B,nir_nir_night_clahe,still_image_cold_start_mode,1.15537,0.0,0.000155,6.58388,25.72985,1.41776,3.9e-05,0.000657,7.45621,42.6742,0.6
/Users/phongpham/Downloads/smartBinocular/data/weather/weather11/dataset/fogsmog/4916.jpg,fog,D,nir_dehaze_lite,still_image_cold_start_mode,1.15537,0.0,0.000155,6.58388,25.72985,0.91789,0.001286,7.7e-05,6.72089,30.6724,2.024
/Users/phongpham/Downloads/smartBinocular/data/weather/weather11/dataset/fogsmog/4107.jpg,fog,A,HybridNIREnhancer,still_image_cold_start_mode,1.65694,0.286562,0.00054,6.57113,61.18106,1.50825,0.293191,0.0,6.35624,55.46932,9.165
/Users/phongpham/Downloads/smartBinocular/data/weather/weather11/dataset/fogsmog/4107.jpg,fog,B,nir_nir_night_clahe,still_image_cold_start_mode,1.65694,0.286562,0.00054,6.57113,61.18106,1.84637,0.268939,0.002481,6.69325,68.90591,0.556
/Users/phongpham/Downloads/smartBinocular/data/weather/weather11/dataset/fogsmog/4107.jpg,fog,D,nir_dehaze_lite,still_image_cold_start_mode,1.65694,0.286562,0.00054,6.57113,61.18106,1.02767,0.249678,9e-06,6.59773,77.93763,2.461
/Users/phongpham/Downloads/smartBinocular/data/weather/weather11/dataset/fogsmog/4899.jpg,fog,A,HybridNIREnhancer,still_image_cold_start_mode,0.7559,0.0,0.0,7.14045,40.12779,0.96771,0.0,0.0,6.96038,34.6189,6.592
/Users/phongpham/Downloads/smartBinocular/data/weather/weather11/dataset/fogsmog/4899.jpg,fog,B,nir_nir_night_clahe,still_image_cold_start_mode,0.7559,0.0,0.0,7.14045,40.12779,1.17349,0.0,0.0,7.28419,40.53575,0.601
/Users/phongpham/Downloads/smartBinocular/data/weather/weather11/dataset/fogsmog/4899.jpg,fog,D,nir_dehaze_lite,still_image_cold_start_mode,0.7559,0.0,0.0,7.14045,40.12779,0.65086,0.0,0.000156,7.31058,45.00353,1.694
/Users/phongpham/Downloads/smartBinocular/data/weather/weather11/dataset/fogsmog/4398.jpg,fog,A,HybridNIREnhancer,still_image_cold_start_mode,1.47073,0.0,0.0,6.77085,28.37238,1.50664,0.000119,0.0,7.04478,31.01382,6.061
/Users/phongpham/Downloads/smartBinocular/data/weather/weather11/dataset/fogsmog/4398.jpg,fog,B,nir_nir_night_clahe,still_image_cold_start_mode,1.47073,0.0,0.0,6.77085,28.37238,1.83721,0.000297,0.0,7.54727,41.64081,0.496
/Users/phongpham/Downloads/smartBinocular/data/weather/weather11/dataset/fogsmog/4398.jpg,fog,D,nir_dehaze_lite,still_image_cold_start_mode,1.47073,0.0,0.0,6.77085,28.37238,1.2663,4e-05,0.0,7.50535,40.73334,1.889
/Users/phongpham/Downloads/smartBinocular/data/weather/weather11/dataset/fogsmog/4485.jpg,fog,A,HybridNIREnhancer,still_image_cold_start_mode,1.3083,0.000298,2.7e-05,5.79455,14.52937,1.14283,1.8e-05,9e-06,5.83272,14.7367,7.256
/Users/phongpham/Downloads/smartBinocular/data/weather/weather11/dataset/fogsmog/4485.jpg,fog,B,nir_nir_night_clahe,still_image_cold_start_mode,1.3083,0.000298,2.7e-05,5.79455,14.52937,1.49322,0.000424,3.6e-05,6.30074,20.04958,0.635
/Users/phongpham/Downloads/smartBinocular/data/weather/weather11/dataset/fogsmog/4485.jpg,fog,D,nir_dehaze_lite,still_image_cold_start_mode,1.3083,0.000298,2.7e-05,5.79455,14.52937,0.68966,0.0,0.0,6.98986,32.59032,1.798
/Users/phongpham/Downloads/smartBinocular/data/weather/weather11/dataset/fogsmog/4349.jpg,fog,A,HybridNIREnhancer,still_image_cold_start_mode,1.45621,0.0,0.0,6.98504,65.37465,1.3802,0.108914,0.0,7.23629,56.84958,6.826
/Users/phongpham/Downloads/smartBinocular/data/weather/weather11/dataset/fogsmog/4349.jpg,fog,B,nir_nir_night_clahe,still_image_cold_start_mode,1.45621,0.0,0.0,6.98504,65.37465,1.75296,3.2e-05,0.000823,7.3134,57.17248,0.999
/Users/phongpham/Downloads/smartBinocular/data/weather/weather11/dataset/fogsmog/4349.jpg,fog,D,nir_dehaze_lite,still_image_cold_start_mode,1.45621,0.0,0.0,6.98504,65.37465,0.73941,0.0,0.0,7.49686,69.13812,2.015
/Users/phongpham/Downloads/smartBinocular/data/weather/weather11/dataset/fogsmog/4142.jpg,fog,A,HybridNIREnhancer,still_image_cold_start_mode,0.62061,0.0,0.0,6.95349,39.10999,0.91641,0.0,0.0,6.95418,34.3953,8.387
/Users/phongpham/Downloads/smartBinocular/data/weather/weather11/dataset/fogsmog/4142.jpg,fog,B,nir_nir_night_clahe,still_image_cold_start_mode,0.62061,0.0,0.0,6.95349,39.10999,1.07147,0.0,0.0,7.18521,38.49721,0.974
/Users/phongpham/Downloads/smartBinocular/data/weather/weather11/dataset/fogsmog/4142.jpg,fog,D,nir_dehaze_lite,still_image_cold_start_mode,0.62061,0.0,0.0,6.95349,39.10999,0.51825,0.0,0.0,7.16012,48.26821,2.076
/Users/phongpham/Downloads/smartBinocular/data/weather/weather11/dataset/fogsmog/4291.jpg,fog,A,HybridNIREnhancer,still_image_cold_start_mode,1.35476,0.008273,0.008755,7.74611,59.07938,1.46304,0.020191,0.0,7.48676,49.70383,8.469
/Users/phongpham/Downloads/smartBinocular/data/weather/weather11/dataset/fogsmog/4291.jpg,fog,B,nir_nir_night_clahe,still_image_cold_start_mode,1.35476,0.008273,0.008755,7.74611,59.07938,1.56427,0.008755,0.002159,7.4645,44.83406,0.611
/Users/phongpham/Downloads/smartBinocular/data/weather/weather11/dataset/fogsmog/4291.jpg,fog,D,nir_dehaze_lite,still_image_cold_start_mode,1.35476,0.008273,0.008755,7.74611,59.07938,0.91381,0.002771,0.016094,7.44969,53.36555,1.973
/Users/phongpham/Downloads/smartBinocular/data/weather/weather11/dataset/fogsmog/4655.jpg,fog,A,HybridNIREnhancer,still_image_cold_start_mode,1.25478,0.0,0.0,6.89142,31.14425,1.48891,0.000376,0.0,7.02872,30.5215,8.352
/Users/phongpham/Downloads/smartBinocular/data/weather/weather11/dataset/fogsmog/4655.jpg,fog,B,nir_nir_night_clahe,still_image_cold_start_mode,1.25478,0.0,0.0,6.89142,31.14425,1.66055,0.000183,0.0,7.33955,35.1047,1.011
/Users/phongpham/Downloads/smartBinocular/data/weather/weather11/dataset/fogsmog/4655.jpg,fog,D,nir_dehaze_lite,still_image_cold_start_mode,1.25478,0.0,0.0,6.89142,31.14425,0.77495,0.000591,0.0,6.93397,34.31702,2.05
/Users/phongpham/Downloads/smartBinocular/data/weather/glare/real/input/input_000091.png,glare,A,HybridNIREnhancer,still_image_cold_start_mode,1.43384,0.018303,0.007107,6.49208,46.92586,1.35601,0.22654,0.0,7.27584,67.27674,7.535
/Users/phongpham/Downloads/smartBinocular/data/weather/glare/real/input/input_000091.png,glare,B,nir_nir_night_clahe,still_image_cold_start_mode,1.43384,0.018303,0.007107,6.49208,46.92586,1.55808,0.015591,0.000118,7.13811,48.07893,1.359
/Users/phongpham/Downloads/smartBinocular/data/weather/glare/real/input/input_000091.png,glare,D,nir_dehaze_lite,still_image_cold_start_mode,1.43384,0.018303,0.007107,6.49208,46.92586,0.62461,0.006695,0.114735,5.77169,43.22738,3.148
/Users/phongpham/Downloads/smartBinocular/data/weather/glare/real/input/input_000040.png,glare,A,HybridNIREnhancer,still_image_cold_start_mode,1.37354,0.002155,0.0,6.92755,41.91161,1.40192,0.002842,0.000118,6.72539,67.21298,8.983
/Users/phongpham/Downloads/smartBinocular/data/weather/glare/real/input/input_000040.png,glare,B,nir_nir_night_clahe,still_image_cold_start_mode,1.37354,0.002155,0.0,6.92755,41.91161,1.54426,0.002007,0.000614,7.75473,55.09363,0.996
/Users/phongpham/Downloads/smartBinocular/data/weather/glare/real/input/input_000040.png,glare,D,nir_dehaze_lite,still_image_cold_start_mode,1.37354,0.002155,0.0,6.92755,41.91161,0.67432,0.002422,0.0,6.65904,39.58474,3.172
/Users/phongpham/Downloads/smartBinocular/data/weather/glare/real/input/input_000027.png,glare,A,HybridNIREnhancer,still_image_cold_start_mode,0.91092,0.003109,0.0,6.6184,29.32756,1.02055,0.0,0.0,6.82697,50.2147,8.023
/Users/phongpham/Downloads/smartBinocular/data/weather/glare/real/input/input_000027.png,glare,B,nir_nir_night_clahe,still_image_cold_start_mode,0.91092,0.003109,0.0,6.6184,29.32756,1.35335,0.003109,0.0,7.45998,42.65897,1.178
/Users/phongpham/Downloads/smartBinocular/data/weather/glare/real/input/input_000027.png,glare,D,nir_dehaze_lite,still_image_cold_start_mode,0.91092,0.003109,0.0,6.6184,29.32756,0.25753,0.003151,0.0,6.47933,27.33996,2.818
/Users/phongpham/Downloads/smartBinocular/data/weather/glare/real/input/input_000083.png,glare,A,HybridNIREnhancer,still_image_cold_start_mode,1.34164,0.005703,0.01841,7.10351,47.76934,1.40077,0.375736,0.0,6.48633,80.82967,8.428
/Users/phongpham/Downloads/smartBinocular/data/weather/glare/real/input/input_000083.png,glare,B,nir_nir_night_clahe,still_image_cold_start_mode,1.34164,0.005703,0.01841,7.10351,47.76934,1.53191,0.006657,0.000694,7.60523,58.5037,1.201
/Users/phongpham/Downloads/smartBinocular/data/weather/glare/real/input/input_000083.png,glare,D,nir_dehaze_lite,still_image_cold_start_mode,1.34164,0.005703,0.01841,7.10351,47.76934,0.61004,0.004704,0.127068,6.52539,41.09247,2.567
/Users/phongpham/Downloads/smartBinocular/data/weather/glare/real/input/input_000063.png,glare,A,HybridNIREnhancer,still_image_cold_start_mode,1.38719,0.058895,0.0,7.43631,65.08336,1.31038,0.226936,0.0,7.01986,65.85475,8.683
/Users/phongpham/Downloads/smartBinocular/data/weather/glare/real/input/input_000063.png,glare,B,nir_nir_night_clahe,still_image_cold_start_mode,1.38719,0.058895,0.0,7.43631,65.08336,1.64957,0.050102,0.0,7.68437,63.56282,1.119
/Users/phongpham/Downloads/smartBinocular/data/weather/glare/real/input/input_000063.png,glare,D,nir_dehaze_lite,still_image_cold_start_mode,1.38719,0.058895,0.0,7.43631,65.08336,0.62621,0.034668,0.009129,7.09558,63.118,3.125
/Users/phongpham/Downloads/smartBinocular/data/weather/glare/real/input/input_000050.png,glare,A,HybridNIREnhancer,still_image_cold_start_mode,0.82495,0.006584,0.0,6.56146,24.46094,0.59628,0.008621,0.0,6.10886,20.48203,8.306
/Users/phongpham/Downloads/smartBinocular/data/weather/glare/real/input/input_000050.png,glare,B,nir_nir_night_clahe,still_image_cold_start_mode,0.82495,0.006584,0.0,6.56146,24.46094,0.97745,0.004845,0.0,6.94712,32.49077,1.027
/Users/phongpham/Downloads/smartBinocular/data/weather/glare/real/input/input_000050.png,glare,D,nir_dehaze_lite,still_image_cold_start_mode,0.82495,0.006584,0.0,6.56146,24.46094,0.23444,0.004517,0.0,6.50632,27.89069,2.907
/Users/phongpham/Downloads/smartBinocular/data/weather/glare/real/input/input_000082.png,glare,A,HybridNIREnhancer,still_image_cold_start_mode,1.23491,0.015251,0.0,7.51699,45.16292,1.03826,0.042568,0.0,7.46316,44.63363,9.121
/Users/phongpham/Downloads/smartBinocular/data/weather/glare/real/input/input_000082.png,glare,B,nir_nir_night_clahe,still_image_cold_start_mode,1.23491,0.015251,0.0,7.51699,45.16292,1.44458,0.011822,0.00296,7.82278,55.28964,1.381
/Users/phongpham/Downloads/smartBinocular/data/weather/glare/real/input/input_000082.png,glare,D,nir_dehaze_lite,still_image_cold_start_mode,1.23491,0.015251,0.0,7.51699,45.16292,0.63529,0.007553,8e-06,7.28355,47.32752,3.064
/Users/phongpham/Downloads/smartBinocular/data/weather/glare/real/input/input_000058.png,glare,A,HybridNIREnhancer,still_image_cold_start_mode,1.15752,0.003929,0.0,7.0091,42.18636,1.2372,0.091663,0.0,7.50644,70.29818,7.717
/Users/phongpham/Downloads/smartBinocular/data/weather/glare/real/input/input_000058.png,glare,B,nir_nir_night_clahe,still_image_cold_start_mode,1.15752,0.003929,0.0,7.0091,42.18636,1.38793,0.004169,0.000778,7.70942,58.32513,1.014
/Users/phongpham/Downloads/smartBinocular/data/weather/glare/real/input/input_000058.png,glare,D,nir_dehaze_lite,still_image_cold_start_mode,1.15752,0.003929,0.0,7.0091,42.18636,0.60566,0.003021,0.000423,6.75697,40.19792,2.429
/Users/phongpham/Downloads/smartBinocular/data/weather/glare/real/input/input_000018.png,glare,A,HybridNIREnhancer,still_image_cold_start_mode,1.48353,0.000671,0.000484,6.56608,35.54493,1.46364,0.162785,0.000317,7.3085,77.63668,5.12
/Users/phongpham/Downloads/smartBinocular/data/weather/glare/real/input/input_000018.png,glare,B,nir_nir_night_clahe,still_image_cold_start_mode,1.48353,0.000671,0.000484,6.56608,35.54493,1.72168,0.001633,0.002941,7.3283,52.29982,1.138
/Users/phongpham/Downloads/smartBinocular/data/weather/glare/real/input/input_000018.png,glare,D,nir_dehaze_lite,still_image_cold_start_mode,1.48353,0.000671,0.000484,6.56608,35.54493,0.55255,0.002254,0.179504,6.18883,35.5729,2.424
/Users/phongpham/Downloads/smartBinocular/data/weather/glare/real/input/input_000033.png,glare,A,HybridNIREnhancer,still_image_cold_start_mode,1.24267,0.010521,0.0,7.05057,46.71461,1.20685,0.104008,0.0,7.3047,53.40448,5.193
/Users/phongpham/Downloads/smartBinocular/data/weather/glare/real/input/input_000033.png,glare,B,nir_nir_night_clahe,still_image_cold_start_mode,1.24267,0.010521,0.0,7.05057,46.71461,1.55823,0.008148,0.0,7.45029,49.23161,0.926
/Users/phongpham/Downloads/smartBinocular/data/weather/glare/real/input/input_000033.png,glare,D,nir_dehaze_lite,still_image_cold_start_mode,1.24267,0.010521,0.0,7.05057,46.71461,0.3898,0.007763,0.0,6.85253,43.54893,2.479
/Users/phongpham/Downloads/smartBinocular/data/weather/glare/real/input/input_000017.png,glare,A,HybridNIREnhancer,still_image_cold_start_mode,1.11451,0.000866,4e-06,6.13505,31.60338,1.37166,0.0,0.0,6.79338,74.90736,5.078
/Users/phongpham/Downloads/smartBinocular/data/weather/glare/real/input/input_000017.png,glare,B,nir_nir_night_clahe,still_image_cold_start_mode,1.11451,0.000866,4e-06,6.13505,31.60338,1.45716,0.001324,4e-06,7.08717,47.94659,0.77
/Users/phongpham/Downloads/smartBinocular/data/weather/glare/real/input/input_000017.png,glare,D,nir_dehaze_lite,still_image_cold_start_mode,1.11451,0.000866,4e-06,6.13505,31.60338,0.32828,0.001171,0.052837,5.89445,27.79518,2.188
/Users/phongpham/Downloads/smartBinocular/data/weather/glare/real/input/input_000031.png,glare,A,HybridNIREnhancer,still_image_cold_start_mode,1.37653,0.026558,0.0,7.51371,53.72886,1.27768,0.225658,0.0,7.15485,61.71773,5.24
/Users/phongpham/Downloads/smartBinocular/data/weather/glare/real/input/input_000031.png,glare,B,nir_nir_night_clahe,still_image_cold_start_mode,1.37653,0.026558,0.0,7.51371,53.72886,1.59391,0.02454,0.000603,7.78932,61.05983,0.772
/Users/phongpham/Downloads/smartBinocular/data/weather/glare/real/input/input_000031.png,glare,D,nir_dehaze_lite,still_image_cold_start_mode,1.37653,0.026558,0.0,7.51371,53.72886,0.64987,0.016869,0.001324,7.18135,51.95962,2.092
/Users/phongpham/Downloads/smartBinocular/data/weather/glare/real/input/input_000095.png,glare,A,HybridNIREnhancer,still_image_cold_start_mode,1.63036,0.004768,0.0,7.39594,45.64437,1.5006,0.140839,0.0,7.56719,66.94054,5.319
/Users/phongpham/Downloads/smartBinocular/data/weather/glare/real/input/input_000095.png,glare,B,nir_nir_night_clahe,still_image_cold_start_mode,1.63036,0.004768,0.0,7.39594,45.64437,1.83385,0.006035,0.002739,7.86725,58.294,0.737
/Users/phongpham/Downloads/smartBinocular/data/weather/glare/real/input/input_000095.png,glare,D,nir_dehaze_lite,still_image_cold_start_mode,1.63036,0.004768,0.0,7.39594,45.64437,0.76178,0.004433,0.000702,7.08361,43.21619,2.386
/Users/phongpham/Downloads/smartBinocular/data/weather/glare/real/input/input_000071.png,glare,A,HybridNIREnhancer,still_image_cold_start_mode,0.58148,0.0,0.132069,4.73042,12.17149,1.04479,0.0,3.1e-05,7.42898,64.40521,5.078
/Users/phongpham/Downloads/smartBinocular/data/weather/glare/real/input/input_000071.png,glare,B,nir_nir_night_clahe,still_image_cold_start_mode,0.58148,0.0,0.132069,4.73042,12.17149,0.8225,0.000256,0.001205,5.95481,21.43256,0.781
/Users/phongpham/Downloads/smartBinocular/data/weather/glare/real/input/input_000071.png,glare,D,nir_dehaze_lite,still_image_cold_start_mode,0.58148,0.0,0.132069,4.73042,12.17149,0.30308,6.1e-05,0.535889,4.20713,11.36721,2.412
/Users/phongpham/Downloads/smartBinocular/data/weather/glare/real/input/input_000068.png,glare,A,HybridNIREnhancer,still_image_cold_start_mode,1.25244,0.011387,0.0,7.47529,53.74963,1.25641,0.223621,0.0,7.29667,61.275,5.282
/Users/phongpham/Downloads/smartBinocular/data/weather/glare/real/input/input_000068.png,glare,B,nir_nir_night_clahe,still_image_cold_start_mode,1.25244,0.011387,0.0,7.47529,53.74963,1.45964,0.010307,0.001755,7.84732,59.2788,0.762
/Users/phongpham/Downloads/smartBinocular/data/weather/glare/real/input/input_000068.png,glare,D,nir_dehaze_lite,still_image_cold_start_mode,1.25244,0.011387,0.0,7.47529,53.74963,0.57506,0.009144,0.0,7.21343,50.12988,2.343
/Users/phongpham/Downloads/smartBinocular/data/weather/glare/real/input/input_000074.png,glare,A,HybridNIREnhancer,still_image_cold_start_mode,0.75236,0.006744,0.252628,5.27352,36.28812,1.08511,0.158596,0.0,6.64691,72.53012,7.336
/Users/phongpham/Downloads/smartBinocular/data/weather/glare/real/input/input_000074.png,glare,B,nir_nir_night_clahe,still_image_cold_start_mode,0.75236,0.006744,0.252628,5.27352,36.28812,0.92685,0.006535,0.001534,6.1432,43.25167,1.312
/Users/phongpham/Downloads/smartBinocular/data/weather/glare/real/input/input_000074.png,glare,D,nir_dehaze_lite,still_image_cold_start_mode,0.75236,0.006744,0.252628,5.27352,36.28812,0.35846,0.006355,0.627728,4.40235,33.06407,2.635
/Users/phongpham/Downloads/smartBinocular/data/weather/glare/real/input/input_000054.png,glare,A,HybridNIREnhancer,still_image_cold_start_mode,1.17871,0.003498,4e-06,7.2069,47.54301,1.26374,0.099133,0.0,7.59846,69.69315,6.574
/Users/phongpham/Downloads/smartBinocular/data/weather/glare/real/input/input_000054.png,glare,B,nir_nir_night_clahe,still_image_cold_start_mode,1.17871,0.003498,4e-06,7.2069,47.54301,1.44281,0.00367,0.000786,7.72667,59.71698,0.899
/Users/phongpham/Downloads/smartBinocular/data/weather/glare/real/input/input_000054.png,glare,D,nir_dehaze_lite,still_image_cold_start_mode,1.17871,0.003498,4e-06,7.2069,47.54301,0.58292,0.0023,0.020962,6.91557,43.40523,2.644
/Users/phongpham/Downloads/smartBinocular/data/weather/glare/real/input/input_000051.png,glare,A,HybridNIREnhancer,still_image_cold_start_mode,1.491,0.057575,0.0,7.55125,62.50648,1.24101,0.130974,0.0,7.49182,60.43631,7.5
/Users/phongpham/Downloads/smartBinocular/data/weather/glare/real/input/input_000051.png,glare,B,nir_nir_night_clahe,still_image_cold_start_mode,1.491,0.057575,0.0,7.55125,62.50648,1.5429,0.047726,0.000778,7.88279,62.68414,0.838
/Users/phongpham/Downloads/smartBinocular/data/weather/glare/real/input/input_000051.png,glare,D,nir_dehaze_lite,still_image_cold_start_mode,1.491,0.057575,0.0,7.55125,62.50648,0.90031,0.028866,0.001812,7.5871,63.58304,2.74
/Users/phongpham/Downloads/smartBinocular/data/weather/glare/real/input/input_000046.png,glare,A,HybridNIREnhancer,still_image_cold_start_mode,1.16745,0.003391,0.0,6.91561,35.30186,0.9712,0.006836,0.0,7.02304,38.17722,5.742
/Users/phongpham/Downloads/smartBinocular/data/weather/glare/real/input/input_000046.png,glare,B,nir_nir_night_clahe,still_image_cold_start_mode,1.16745,0.003391,0.0,6.91561,35.30186,1.47537,0.003048,0.00132,7.44622,47.35503,1.026
/Users/phongpham/Downloads/smartBinocular/data/weather/glare/real/input/input_000046.png,glare,D,nir_dehaze_lite,still_image_cold_start_mode,1.16745,0.003391,0.0,6.91561,35.30186,0.41203,0.004356,0.0,6.62004,34.58202,2.75
/Users/phongpham/Downloads/smartBinocular/data/weather/glare/real/input/input_000028.png,glare,A,HybridNIREnhancer,still_image_cold_start_mode,1.34006,0.006393,0.0,7.06321,33.93082,1.33166,0.0,7.2e-05,6.53282,50.89439,5.871
/Users/phongpham/Downloads/smartBinocular/data/weather/glare/real/input/input_000028.png,glare,B,nir_nir_night_clahe,still_image_cold_start_mode,1.34006,0.006393,0.0,7.06321,33.93082,1.59369,0.006413,5.7e-05,7.61891,44.18108,0.987
/Users/phongpham/Downloads/smartBinocular/data/weather/glare/real/input/input_000028.png,glare,D,nir_dehaze_lite,still_image_cold_start_mode,1.34006,0.006393,0.0,7.06321,33.93082,0.54001,0.005775,0.0,6.85709,30.92582,2.623
/Users/phongpham/Downloads/smartBinocular/data/weather/backlight/0070.JPG,backlight,A,HybridNIREnhancer,still_image_cold_start_mode,1.03961,0.112887,6e-06,7.37353,77.86931,0.67584,0.356093,0.0,6.36455,78.29099,6.857
/Users/phongpham/Downloads/smartBinocular/data/weather/backlight/0070.JPG,backlight,B,nir_nir_night_clahe,still_image_cold_start_mode,1.03961,0.112887,6e-06,7.37353,77.86931,1.16837,0.058197,0.000264,7.74457,77.61378,10.672
/Users/phongpham/Downloads/smartBinocular/data/weather/backlight/0070.JPG,backlight,D,nir_dehaze_lite,still_image_cold_start_mode,1.03961,0.112887,6e-06,7.37353,77.86931,0.22471,0.029547,0.045988,7.39539,79.3967,21.706
/Users/phongpham/Downloads/smartBinocular/data/weather/backlight/0260.JPG,backlight,A,HybridNIREnhancer,still_image_cold_start_mode,1.15561,0.240464,0.0,6.56499,79.25891,0.51785,0.244926,0.0,6.5285,67.41597,8.153
/Users/phongpham/Downloads/smartBinocular/data/weather/backlight/0260.JPG,backlight,B,nir_nir_night_clahe,still_image_cold_start_mode,1.15561,0.240464,0.0,6.56499,79.25891,1.4147,0.235255,0.000207,7.00379,76.52504,9.8
/Users/phongpham/Downloads/smartBinocular/data/weather/backlight/0260.JPG,backlight,D,nir_dehaze_lite,still_image_cold_start_mode,1.15561,0.240464,0.0,6.56499,79.25891,0.14716,0.189119,0.001357,6.37281,93.32443,19.988
/Users/phongpham/Downloads/smartBinocular/data/weather/backlight/0252.JPG,backlight,A,HybridNIREnhancer,still_image_cold_start_mode,1.29623,0.326545,0.0,6.6928,82.34762,0.57736,0.325265,0.0,6.21791,74.05511,7.913
/Users/phongpham/Downloads/smartBinocular/data/weather/backlight/0252.JPG,backlight,B,nir_nir_night_clahe,still_image_cold_start_mode,1.29623,0.326545,0.0,6.6928,82.34762,1.45395,0.239863,0.000895,7.00552,80.63892,9.684
/Users/phongpham/Downloads/smartBinocular/data/weather/backlight/0252.JPG,backlight,D,nir_dehaze_lite,still_image_cold_start_mode,1.29623,0.326545,0.0,6.6928,82.34762,0.16427,0.146719,0.008022,6.97699,93.25172,19.637
/Users/phongpham/Downloads/smartBinocular/data/weather/backlight/0046.JPG,backlight,A,HybridNIREnhancer,still_image_cold_start_mode,1.05887,0.076549,0.000442,7.74387,77.13005,0.65521,0.094873,0.0,7.63706,69.85369,6.776
/Users/phongpham/Downloads/smartBinocular/data/weather/backlight/0046.JPG,backlight,B,nir_nir_night_clahe,still_image_cold_start_mode,1.05887,0.076549,0.000442,7.74387,77.13005,1.22731,0.058654,0.004862,7.84164,73.79749,9.047
/Users/phongpham/Downloads/smartBinocular/data/weather/backlight/0046.JPG,backlight,D,nir_dehaze_lite,still_image_cold_start_mode,1.05887,0.076549,0.000442,7.74387,77.13005,0.28293,0.024579,0.061477,7.86177,72.37066,15.764
/Users/phongpham/Downloads/smartBinocular/data/weather/backlight/0024.JPG,backlight,A,HybridNIREnhancer,still_image_cold_start_mode,1.23887,0.018618,0.098119,7.56529,66.93047,0.56752,0.241688,0.0,6.89849,84.08099,6.518
/Users/phongpham/Downloads/smartBinocular/data/weather/backlight/0024.JPG,backlight,B,nir_nir_night_clahe,still_image_cold_start_mode,1.23887,0.018618,0.098119,7.56529,66.93047,1.33726,0.018781,0.00829,7.71485,68.335,9.623
/Users/phongpham/Downloads/smartBinocular/data/weather/backlight/0024.JPG,backlight,D,nir_dehaze_lite,still_image_cold_start_mode,1.23887,0.018618,0.098119,7.56529,66.93047,0.15684,0.011059,0.130601,7.11623,52.31043,16.458
/Users/phongpham/Downloads/smartBinocular/data/weather/backlight/0056.JPG,backlight,A,HybridNIREnhancer,still_image_cold_start_mode,1.04896,0.032042,0.011715,7.46534,65.76459,0.69042,0.204772,0.0,7.20825,78.71612,7.588
/Users/phongpham/Downloads/smartBinocular/data/weather/backlight/0056.JPG,backlight,B,nir_nir_night_clahe,still_image_cold_start_mode,1.04896,0.032042,0.011715,7.46534,65.76459,1.16476,0.028973,0.00207,7.75265,67.91997,13.071
/Users/phongpham/Downloads/smartBinocular/data/weather/backlight/0056.JPG,backlight,D,nir_dehaze_lite,still_image_cold_start_mode,1.04896,0.032042,0.011715,7.46534,65.76459,0.2181,0.016413,0.037488,7.17882,59.78055,19.943
/Users/phongpham/Downloads/smartBinocular/data/weather/backlight/0078.JPG,backlight,A,HybridNIREnhancer,still_image_cold_start_mode,1.54534,0.135481,0.000664,7.22402,71.72092,0.70999,0.14891,0.0,7.29525,63.989,7.68
/Users/phongpham/Downloads/smartBinocular/data/weather/backlight/0078.JPG,backlight,B,nir_nir_night_clahe,still_image_cold_start_mode,1.54534,0.135481,0.000664,7.22402,71.72092,1.63869,0.132058,0.004461,7.45443,69.81199,11.969
/Users/phongpham/Downloads/smartBinocular/data/weather/backlight/0078.JPG,backlight,D,nir_dehaze_lite,still_image_cold_start_mode,1.54534,0.135481,0.000664,7.22402,71.72092,0.21421,0.11621,0.002782,6.97453,74.76679,19.218
/Users/phongpham/Downloads/smartBinocular/data/weather/backlight/0321.JPG,backlight,A,HybridNIREnhancer,still_image_cold_start_mode,0.86061,0.000214,0.013785,5.64942,99.53853,0.30625,0.011523,0.0,6.19836,95.42848,7.559
/Users/phongpham/Downloads/smartBinocular/data/weather/backlight/0321.JPG,backlight,B,nir_nir_night_clahe,still_image_cold_start_mode,0.86061,0.000214,0.013785,5.64942,99.53853,0.94223,0.00027,0.000447,6.67847,89.25331,9.811
/Users/phongpham/Downloads/smartBinocular/data/weather/backlight/0321.JPG,backlight,D,nir_dehaze_lite,still_image_cold_start_mode,0.86061,0.000214,0.013785,5.64942,99.53853,0.04081,0.0,0.124928,6.46995,97.68856,15.481
/Users/phongpham/Downloads/smartBinocular/data/weather/backlight/0081.JPG,backlight,A,HybridNIREnhancer,still_image_cold_start_mode,1.38711,0.016736,0.010941,7.61452,71.35947,0.82769,0.245584,0.0,7.27344,77.69403,7.099
/Users/phongpham/Downloads/smartBinocular/data/weather/backlight/0081.JPG,backlight,B,nir_nir_night_clahe,still_image_cold_start_mode,1.38711,0.016736,0.010941,7.61452,71.35947,1.47485,0.017865,0.006484,7.91676,67.20451,10.032
/Users/phongpham/Downloads/smartBinocular/data/weather/backlight/0081.JPG,backlight,D,nir_dehaze_lite,still_image_cold_start_mode,1.38711,0.016736,0.010941,7.61452,71.35947,0.30156,0.008196,0.012944,7.55904,62.25214,16.353
/Users/phongpham/Downloads/smartBinocular/data/weather/backlight/0348.JPG,backlight,A,HybridNIREnhancer,still_image_cold_start_mode,1.31382,0.275641,0.009159,6.54407,100.08759,0.75322,0.372114,0.0,6.02269,83.0654,8.742
/Users/phongpham/Downloads/smartBinocular/data/weather/backlight/0348.JPG,backlight,B,nir_nir_night_clahe,still_image_cold_start_mode,1.31382,0.275641,0.009159,6.54407,100.08759,1.44183,0.185869,0.000627,7.16423,89.55179,11.249
/Users/phongpham/Downloads/smartBinocular/data/weather/backlight/0348.JPG,backlight,D,nir_dehaze_lite,still_image_cold_start_mode,1.31382,0.275641,0.009159,6.54407,100.08759,0.1474,0.095462,0.033088,6.78325,99.17718,19.694
/Users/phongpham/Downloads/smartBinocular/data/weather/backlight/0216.JPG,backlight,A,HybridNIREnhancer,still_image_cold_start_mode,0.54316,0.0,0.013844,5.2463,56.13327,0.07329,0.0,1e-05,5.61859,57.17629,7.198
/Users/phongpham/Downloads/smartBinocular/data/weather/backlight/0216.JPG,backlight,B,nir_nir_night_clahe,still_image_cold_start_mode,0.54316,0.0,0.013844,5.2463,56.13327,0.63057,0.0,0.000656,6.01837,52.11471,10.873
/Users/phongpham/Downloads/smartBinocular/data/weather/backlight/0216.JPG,backlight,D,nir_dehaze_lite,still_image_cold_start_mode,0.54316,0.0,0.013844,5.2463,56.13327,-0.05127,0.0,0.054676,6.37791,48.49433,19.848
/Users/phongpham/Downloads/smartBinocular/data/weather/backlight/0305.JPG,backlight,A,HybridNIREnhancer,still_image_cold_start_mode,1.14911,0.0,0.0082,7.19303,82.33933,0.49912,0.103532,0.0,7.4593,69.23326,7.642
/Users/phongpham/Downloads/smartBinocular/data/weather/backlight/0305.JPG,backlight,B,nir_nir_night_clahe,still_image_cold_start_mode,1.14911,0.0,0.0082,7.19303,82.33933,1.32498,0.001825,0.00295,7.79826,63.41619,9.137
/Users/phongpham/Downloads/smartBinocular/data/weather/backlight/0305.JPG,backlight,D,nir_dehaze_lite,still_image_cold_start_mode,1.14911,0.0,0.0082,7.19303,82.33933,0.13535,0.004945,0.004331,7.69943,71.55456,15.678
/Users/phongpham/Downloads/smartBinocular/data/weather/backlight/0032.JPG,backlight,A,HybridNIREnhancer,still_image_cold_start_mode,0.86705,0.038913,0.013796,6.53949,88.24296,0.42902,0.235657,0.0,6.56771,74.18851,6.412
/Users/phongpham/Downloads/smartBinocular/data/weather/backlight/0032.JPG,backlight,B,nir_nir_night_clahe,still_image_cold_start_mode,0.86705,0.038913,0.013796,6.53949,88.24296,0.92216,0.016008,0.002403,7.43882,74.93984,9.787
/Users/phongpham/Downloads/smartBinocular/data/weather/backlight/0032.JPG,backlight,D,nir_dehaze_lite,still_image_cold_start_mode,0.86705,0.038913,0.013796,6.53949,88.24296,0.1529,0.011959,0.027737,6.43929,81.29861,19.766
/Users/phongpham/Downloads/smartBinocular/data/weather/backlight/0197.JPG,backlight,A,HybridNIREnhancer,still_image_cold_start_mode,1.55737,0.116039,0.000987,7.51301,81.4722,0.88366,0.232168,0.0,7.15395,73.72459,7.291
/Users/phongpham/Downloads/smartBinocular/data/weather/backlight/0197.JPG,backlight,B,nir_nir_night_clahe,still_image_cold_start_mode,1.55737,0.116039,0.000987,7.51301,81.4722,1.58378,0.086662,0.00333,7.76205,73.32172,9.697
/Users/phongpham/Downloads/smartBinocular/data/weather/backlight/0197.JPG,backlight,D,nir_dehaze_lite,still_image_cold_start_mode,1.55737,0.116039,0.000987,7.51301,81.4722,0.33103,0.038189,0.01743,7.6715,77.216,20.33
/Users/phongpham/Downloads/smartBinocular/data/weather/backlight/0195.JPG,backlight,A,HybridNIREnhancer,still_image_cold_start_mode,1.41347,0.027676,0.004158,7.22337,58.90348,0.85769,0.133177,0.0,7.47631,72.99267,8.215
/Users/phongpham/Downloads/smartBinocular/data/weather/backlight/0195.JPG,backlight,B,nir_nir_night_clahe,still_image_cold_start_mode,1.41347,0.027676,0.004158,7.22337,58.90348,1.51565,0.021678,0.002783,7.69182,63.96598,8.755
/Users/phongpham/Downloads/smartBinocular/data/weather/backlight/0195.JPG,backlight,D,nir_dehaze_lite,still_image_cold_start_mode,1.41347,0.027676,0.004158,7.22337,58.90348,0.23643,0.009511,0.045759,6.81919,51.35989,19.724
