path,env_class,edge_case,bucket,bucket_fn,run_mode,surrogate_mode,before_log_rms_contrast,before_pct_saturated,before_pct_crushed,before_hist_entropy,before_local_contrast_std,after_log_rms_contrast,after_pct_saturated,after_pct_crushed,after_hist_entropy,after_local_contrast_std,proc_ms
/Users/phongpham/Downloads/smartBinocular/data/weather/darkface/image/5713.png,night_clear,extreme_dark,A,HybridNIREnhancer,still_image_cold_start_mode,still_image_cold_start_mode,1.1334,0.000535,0.579496,4.54571,22.55211,0.97751,0.052953,0.0,6.58062,61.21041,89.613
/Users/phongpham/Downloads/smartBinocular/data/weather/darkface/image/182.png,night_clear,extreme_dark,A,HybridNIREnhancer,still_image_cold_start_mode,still_image_cold_start_mode,0.8431,1e-05,0.852526,3.07955,7.22879,0.86731,0.014147,0.0,5.27907,40.20563,5.311
/Users/phongpham/Downloads/smartBinocular/data/weather/darkface/image/1182.png,night_clear,extreme_dark,A,HybridNIREnhancer,still_image_cold_start_mode,still_image_cold_start_mode,0.41049,0.0,0.991178,0.72606,1.66125,0.38412,2.6e-05,0.0,1.63745,6.44155,5.741
/Users/phongpham/Downloads/smartBinocular/data/weather/darkface/image/3026.png,night_clear,extreme_dark,A,HybridNIREnhancer,still_image_cold_start_mode,still_image_cold_start_mode,1.18105,0.001804,0.526353,4.86811,28.69506,1.03313,0.096714,0.0,6.68104,71.10909,5.425
/Users/phongpham/Downloads/smartBinocular/data/weather/darkface/image/2804.png,night_clear,extreme_dark,A,HybridNIREnhancer,still_image_cold_start_mode,still_image_cold_start_mode,1.13697,0.000629,0.50131,4.77799,21.37272,1.00249,0.070229,0.0,6.78846,72.6505,5.219
/Users/phongpham/Downloads/smartBinocular/data/weather/darkface/image/2644.png,night_clear,extreme_dark,A,HybridNIREnhancer,still_image_cold_start_mode,still_image_cold_start_mode,1.16978,0.000403,0.861385,3.22303,11.90099,0.96349,0.006228,0.0,5.41954,31.095,5.289
/Users/phongpham/Downloads/smartBinocular/data/weather/darkface/image/2027.png,night_clear,extreme_dark,A,HybridNIREnhancer,still_image_cold_start_mode,still_image_cold_start_mode,0.83711,2.2e-05,0.85692,3.04277,7.04358,0.88692,0.010649,0.0,5.19341,38.27291,5.32
/Users/phongpham/Downloads/smartBinocular/data/weather/darkface/image/1754.png,night_clear,extreme_dark,A,HybridNIREnhancer,still_image_cold_start_mode,still_image_cold_start_mode,0.81718,0.000195,0.821404,3.17392,9.16108,0.79019,0.017281,0.0,5.2493,46.38079,5.469
/Users/phongpham/Downloads/smartBinocular/data/weather/darkface/image/5989.png,night_clear,extreme_dark,A,HybridNIREnhancer,still_image_cold_start_mode,still_image_cold_start_mode,0.93065,0.000242,0.831691,3.29402,12.59701,0.83877,0.021988,0.0,5.11195,44.91717,5.281
/Users/phongpham/Downloads/smartBinocular/data/weather/darkface/image/5019.png,night_clear,extreme_dark,A,HybridNIREnhancer,still_image_cold_start_mode,still_image_cold_start_mode,1.64245,0.000334,0.606988,4.68639,23.53207,1.2904,0.05671,0.0,6.74164,63.36333,5.341
/Users/phongpham/Downloads/smartBinocular/data/weather/darkface/image/164.png,night_clear,extreme_dark,A,HybridNIREnhancer,still_image_cold_start_mode,still_image_cold_start_mode,1.06269,8.9e-05,0.95495,2.14,5.97279,0.86537,0.001813,0.0,3.9187,20.74167,6.075
/Users/phongpham/Downloads/smartBinocular/data/weather/darkface/image/5352.png,night_clear,,A,HybridNIREnhancer,still_image_cold_start_mode,still_image_cold_start_mode,1.22421,0.000786,0.424021,5.746,35.98217,1.13556,0.275265,7.7e-05,6.19928,94.54859,6.457
/Users/phongpham/Downloads/smartBinocular/data/weather/darkface/image/4109.png,night_clear,extreme_dark,A,HybridNIREnhancer,still_image_cold_start_mode,still_image_cold_start_mode,1.12074,0.000437,0.493038,4.6893,21.98758,1.00165,0.054177,0.0,6.81656,62.66366,5.891
/Users/phongpham/Downloads/smartBinocular/data/weather/darkface/image/1232.png,night_clear,extreme_dark,A,HybridNIREnhancer,still_image_cold_start_mode,still_image_cold_start_mode,0.92967,5.7e-05,0.926111,1.60581,8.00586,0.88682,0.012333,0.0,2.62117,35.19558,6.051
/Users/phongpham/Downloads/smartBinocular/data/weather/darkface/image/1218.png,night_clear,extreme_dark,A,HybridNIREnhancer,still_image_cold_start_mode,still_image_cold_start_mode,1.13991,0.000629,0.510819,4.83071,23.37341,1.00168,0.091601,0.0,6.68209,77.35351,6.002
/Users/phongpham/Downloads/smartBinocular/data/weather/darkface/image/169.png,night_clear,extreme_dark,A,HybridNIREnhancer,still_image_cold_start_mode,still_image_cold_start_mode,1.14736,0.000633,0.465289,5.00856,25.36431,1.00563,0.095026,0.0,6.80184,75.23828,5.729
/Users/phongpham/Downloads/smartBinocular/data/weather/darkface/image/2610.png,night_clear,extreme_dark,A,HybridNIREnhancer,still_image_cold_start_mode,still_image_cold_start_mode,0.99563,0.000291,0.839919,3.17506,13.15061,0.80276,0.022942,0.0,5.18669,44.45844,5.817
/Users/phongpham/Downloads/smartBinocular/data/weather/darkface/image/2713.png,night_clear,extreme_dark,A,HybridNIREnhancer,still_image_cold_start_mode,still_image_cold_start_mode,1.1281,0.00226,0.768115,3.78756,25.33714,0.87791,0.04724,0.0,5.80257,55.60517,6.558
/Users/phongpham/Downloads/smartBinocular/data/weather/darkface/image/4724.png,night_clear,extreme_dark,A,HybridNIREnhancer,still_image_cold_start_mode,still_image_cold_start_mode,1.17316,0.000404,0.871496,3.2213,11.96405,0.97004,0.006319,0.0,5.41368,31.57819,5.477
/Users/phongpham/Downloads/smartBinocular/data/weather/darkface/image/5437.png,night_clear,extreme_dark,A,HybridNIREnhancer,still_image_cold_start_mode,still_image_cold_start_mode,1.18123,0.000403,0.881874,3.18432,12.09362,0.96371,0.005814,0.0,5.3938,30.02752,5.182
/Users/phongpham/Downloads/smartBinocular/data/weather/darkface/image/1194.png,night_clear,extreme_dark,A,HybridNIREnhancer,still_image_cold_start_mode,still_image_cold_start_mode,1.05793,0.001142,0.919681,2.61819,14.23531,0.75162,0.011469,0.0,4.69757,32.74901,5.655
/Users/phongpham/Downloads/smartBinocular/data/weather/darkface/image/5136.png,night_clear,extreme_dark,A,HybridNIREnhancer,still_image_cold_start_mode,still_image_cold_start_mode,0.90191,0.000297,0.752418,3.70269,14.04316,0.8719,0.027832,0.0,5.84293,53.12094,5.678
/Users/phongpham/Downloads/smartBinocular/data/weather/darkface/image/2464.png,night_clear,,A,HybridNIREnhancer,still_image_cold_start_mode,still_image_cold_start_mode,1.23856,0.001834,0.272378,6.27926,40.65173,1.13988,0.268777,3.6e-05,6.60561,91.08612,5.363
/Users/phongpham/Downloads/smartBinocular/data/weather/darkface/image/878.png,night_clear,extreme_dark,A,HybridNIREnhancer,still_image_cold_start_mode,still_image_cold_start_mode,1.18045,0.000856,0.468841,5.1142,23.80575,1.03545,0.116546,0.0,6.87733,78.63238,5.637
/Users/phongpham/Downloads/smartBinocular/data/weather/darkface/image/5790.png,night_clear,extreme_dark,A,HybridNIREnhancer,still_image_cold_start_mode,still_image_cold_start_mode,1.15521,0.000637,0.476579,4.98458,24.51363,0.98884,0.095721,0.0,6.74089,75.53926,5.356
/Users/phongpham/Downloads/smartBinocular/data/weather/darkface/image/77.png,night_clear,extreme_dark,A,HybridNIREnhancer,still_image_cold_start_mode,still_image_cold_start_mode,1.28548,0.000292,0.801826,3.60755,17.61585,0.9649,0.015297,0.0,5.71231,42.14976,5.335
/Users/phongpham/Downloads/smartBinocular/data/weather/darkface/image/5016.png,night_clear,extreme_dark,A,HybridNIREnhancer,still_image_cold_start_mode,still_image_cold_start_mode,1.08447,0.00031,0.757402,3.83855,13.26505,0.95146,0.038346,0.0,5.91031,55.07762,5.507
/Users/phongpham/Downloads/smartBinocular/data/weather/darkface/image/4091.png,night_clear,,A,HybridNIREnhancer,still_image_cold_start_mode,still_image_cold_start_mode,1.27415,0.00503,0.4189,5.57373,43.77554,1.06845,0.187281,0.0,6.80237,78.94046,5.405
/Users/phongpham/Downloads/smartBinocular/data/weather/darkface/image/2623.png,night_clear,extreme_dark,A,HybridNIREnhancer,still_image_cold_start_mode,still_image_cold_start_mode,0.98348,0.000287,0.783116,3.63601,13.30333,0.87933,0.02378,0.0,5.7242,48.56179,5.362
/Users/phongpham/Downloads/smartBinocular/data/weather/darkface/image/431.png,night_clear,extreme_dark,A,HybridNIREnhancer,still_image_cold_start_mode,still_image_cold_start_mode,1.27485,0.000624,0.551543,4.33256,14.34976,1.02473,0.021155,0.0,6.51021,50.4609,5.398
/Users/phongpham/Downloads/smartBinocular/data/weather/gray/5342.jpg,nir_night,,A,HybridNIREnhancer,still_image_cold_start_mode,still_image_cold_start_mode,1.93059,8.9e-05,0.011333,7.5357,40.35521,2.10511,0.0784,0.000222,7.5299,38.37636,5.046
/Users/phongpham/Downloads/smartBinocular/data/weather/gray/3048.jpg,nir_night,,A,HybridNIREnhancer,still_image_cold_start_mode,still_image_cold_start_mode,1.72017,0.0,0.007689,6.89197,28.56434,1.95855,0.010622,4.4e-05,7.37818,27.67319,4.89
/Users/phongpham/Downloads/smartBinocular/data/weather/gray/6966.jpg,nir_night,,A,HybridNIREnhancer,still_image_cold_start_mode,still_image_cold_start_mode,2.08009,0.003333,0.001733,7.56015,28.41625,2.10953,0.018133,0.0,7.7259,26.55315,5.064
/Users/phongpham/Downloads/smartBinocular/data/weather/gray/992.jpg,nir_night,,A,HybridNIREnhancer,still_image_cold_start_mode,still_image_cold_start_mode,2.09515,0.021733,0.006311,7.72054,57.07012,2.05448,0.163467,0.0,7.35775,50.47557,4.996
/Users/phongpham/Downloads/smartBinocular/data/weather/gray/1045.jpg,nir_night,,A,HybridNIREnhancer,still_image_cold_start_mode,still_image_cold_start_mode,1.91707,0.009556,0.016933,7.5969,66.59897,1.92714,0.077956,0.0,7.45941,55.11625,5.622
/Users/phongpham/Downloads/smartBinocular/data/weather/gray/6593.jpg,nir_night,,A,HybridNIREnhancer,still_image_cold_start_mode,still_image_cold_start_mode,1.97002,0.012844,0.000578,7.0871,36.3292,2.03215,0.057733,0.0,7.65219,35.2618,4.893
/Users/phongpham/Downloads/smartBinocular/data/weather/gray/694.jpg,nir_night,,A,HybridNIREnhancer,still_image_cold_start_mode,still_image_cold_start_mode,1.61815,8.9e-05,0.000133,7.20316,40.39082,1.66162,0.017067,0.0,7.54646,37.45734,4.83
/Users/phongpham/Downloads/smartBinocular/data/weather/gray/2174.jpg,nir_night,,A,HybridNIREnhancer,still_image_cold_start_mode,still_image_cold_start_mode,1.95726,0.010756,0.002667,7.41848,42.51184,1.93822,0.025022,0.0,7.43396,38.04703,4.912
/Users/phongpham/Downloads/smartBinocular/data/weather/gray/6145.jpg,nir_night,borderline_glare,A,HybridNIREnhancer,still_image_cold_start_mode,still_image_cold_start_mode,1.94915,0.037867,0.008756,7.70503,45.29183,1.92281,0.094889,0.0,7.54144,40.28211,4.964
/Users/phongpham/Downloads/smartBinocular/data/weather/gray/4113.jpg,nir_night,,A,HybridNIREnhancer,still_image_cold_start_mode,still_image_cold_start_mode,1.83472,0.000756,0.002844,7.43938,36.51462,2.04752,0.065822,0.0,7.65976,34.86873,4.953
/Users/phongpham/Downloads/smartBinocular/data/weather/gray/3506.jpg,nir_night,,A,HybridNIREnhancer,still_image_cold_start_mode,still_image_cold_start_mode,1.89478,0.021689,0.003467,7.63322,60.61358,1.8938,0.107556,0.0,7.4458,50.20497,5.005
/Users/phongpham/Downloads/smartBinocular/data/weather/gray/3046.jpg,nir_night,,A,HybridNIREnhancer,still_image_cold_start_mode,still_image_cold_start_mode,1.75829,8.9e-05,0.000933,7.39366,36.54428,1.84737,0.001822,0.0,7.49393,31.95971,5.034
/Users/phongpham/Downloads/smartBinocular/data/weather/gray/2143.jpg,nir_night,,A,HybridNIREnhancer,still_image_cold_start_mode,still_image_cold_start_mode,1.9086,0.000489,0.000844,7.35403,48.49669,2.08085,0.060889,0.0,7.61422,38.89129,5.334
/Users/phongpham/Downloads/smartBinocular/data/weather/gray/2585.jpg,nir_night,,A,HybridNIREnhancer,still_image_cold_start_mode,still_image_cold_start_mode,1.5459,0.0008,4.4e-05,6.66572,28.05615,1.77823,0.013022,0.0,7.3401,30.31132,5.055
/Users/phongpham/Downloads/smartBinocular/data/weather/gray/6627.jpg,nir_night,,A,HybridNIREnhancer,still_image_cold_start_mode,still_image_cold_start_mode,1.69556,4.4e-05,0.001556,7.20834,58.78289,1.91616,0.037556,0.0,7.64462,49.14964,4.938
/Users/phongpham/Downloads/smartBinocular/data/weather/gray/348.jpg,nir_night,,A,HybridNIREnhancer,still_image_cold_start_mode,still_image_cold_start_mode,1.92286,0.002578,0.025333,7.76691,50.82626,1.97496,0.073333,0.0,7.70186,46.20232,5.19
/Users/phongpham/Downloads/smartBinocular/data/weather/gray/1751.jpg,nir_night,,A,HybridNIREnhancer,still_image_cold_start_mode,still_image_cold_start_mode,1.24129,4.4e-05,0.0,5.81055,35.38386,1.37923,8.9e-05,0.0,6.56791,34.37338,4.908
/Users/phongpham/Downloads/smartBinocular/data/weather/gray/1681.jpg,nir_night,,A,HybridNIREnhancer,still_image_cold_start_mode,still_image_cold_start_mode,1.94806,0.004756,0.007467,7.10826,27.10599,2.05408,0.060311,0.0,7.5748,30.35988,4.949
/Users/phongpham/Downloads/smartBinocular/data/weather/gray/38.jpg,nir_night,,A,HybridNIREnhancer,still_image_cold_start_mode,still_image_cold_start_mode,1.82459,0.0012,0.001111,7.46152,50.10585,1.82824,0.008578,0.0,7.55072,46.51819,5.007
/Users/phongpham/Downloads/smartBinocular/data/weather/gray/1710.jpg,nir_night,,A,HybridNIREnhancer,still_image_cold_start_mode,still_image_cold_start_mode,2.02674,0.0024,0.004489,7.79826,59.79316,2.14016,0.103378,0.0,7.55695,42.24886,5.021
/Users/phongpham/Downloads/smartBinocular/data/weather/gray/3644.jpg,nir_night,,A,HybridNIREnhancer,still_image_cold_start_mode,still_image_cold_start_mode,1.7824,0.008844,0.000267,7.72802,51.08103,1.85785,0.043911,0.0,7.53834,39.96458,4.877
/Users/phongpham/Downloads/smartBinocular/data/weather/gray/830.jpg,nir_night,,A,HybridNIREnhancer,still_image_cold_start_mode,still_image_cold_start_mode,1.62162,0.000267,0.003244,7.40534,79.68196,1.74408,0.1828,0.0,7.20029,66.6014,4.838
/Users/phongpham/Downloads/smartBinocular/data/weather/gray/3533.jpg,nir_night,,A,HybridNIREnhancer,still_image_cold_start_mode,still_image_cold_start_mode,1.7038,0.008933,0.000667,7.22369,73.38991,1.74685,0.065689,0.0,7.51746,55.31208,4.987
/Users/phongpham/Downloads/smartBinocular/data/weather/gray/5449.jpg,nir_night,borderline_glare,A,HybridNIREnhancer,still_image_cold_start_mode,still_image_cold_start_mode,2.21029,0.031911,0.030578,7.75527,36.51872,2.25245,0.146133,0.0,7.55846,35.84101,4.898
/Users/phongpham/Downloads/smartBinocular/data/weather/gray/2948.jpg,nir_night,,A,HybridNIREnhancer,still_image_cold_start_mode,still_image_cold_start_mode,1.61849,0.003244,0.011467,7.39634,40.38758,1.68377,0.016356,0.0,7.33789,34.84764,5.056
/Users/phongpham/Downloads/smartBinocular/data/weather/gray/6949.jpg,nir_night,,A,HybridNIREnhancer,still_image_cold_start_mode,still_image_cold_start_mode,1.97006,0.025244,0.01,7.70607,50.13972,2.07099,0.100533,0.0,7.60519,40.54956,4.941
/Users/phongpham/Downloads/smartBinocular/data/weather/gray/1317.jpg,nir_night,,A,HybridNIREnhancer,still_image_cold_start_mode,still_image_cold_start_mode,1.92559,0.140044,0.0228,7.13509,76.92888,2.1121,0.226044,0.0,6.98286,57.84266,5.158
/Users/phongpham/Downloads/smartBinocular/data/weather/gray/6378.jpg,nir_night,,A,HybridNIREnhancer,still_image_cold_start_mode,still_image_cold_start_mode,1.68303,0.002978,0.014889,7.6681,53.55158,1.9203,0.071822,0.0,7.6069,44.54532,4.817
/Users/phongpham/Downloads/smartBinocular/data/weather/gray/4385.jpg,nir_night,,A,HybridNIREnhancer,still_image_cold_start_mode,still_image_cold_start_mode,2.00282,0.006178,0.010356,7.54435,40.45338,1.98243,0.023156,0.0,7.69364,37.36199,5.296
/Users/phongpham/Downloads/smartBinocular/data/weather/gray/4951.jpg,nir_night,borderline_glare,A,HybridNIREnhancer,still_image_cold_start_mode,still_image_cold_start_mode,1.89808,0.038222,0.122267,7.52602,73.84361,2.00374,0.168178,0.0,7.26738,62.14323,5.07
/Users/phongpham/Downloads/smartBinocular/data/weather/ExDark/Boat/2015_01164.JPEG,normal_night,,A,HybridNIREnhancer,still_image_cold_start_mode,still_image_cold_start_mode,1.63694,0.002927,0.14003,6.14838,30.92906,1.62782,0.013829,4.3e-05,7.21129,78.11661,5.371
/Users/phongpham/Downloads/smartBinocular/data/weather/ExDark/Car/2015_02750.jpg,normal_night,,A,HybridNIREnhancer,still_image_cold_start_mode,still_image_cold_start_mode,1.263,0.000251,0.294737,5.7972,59.78104,1.01327,0.011256,0.0,6.71671,70.06787,5.355
/Users/phongpham/Downloads/smartBinocular/data/weather/ExDark/Boat/2015_00975.jpg,normal_night,,A,HybridNIREnhancer,still_image_cold_start_mode,still_image_cold_start_mode,0.96566,0.000169,0.042803,6.6232,28.38248,1.19761,0.0,0.012593,6.76002,66.06768,5.127
/Users/phongpham/Downloads/smartBinocular/data/weather/ExDark/Motorbike/2015_06162.jpg,normal_night,extreme_dark,A,HybridNIREnhancer,still_image_cold_start_mode,still_image_cold_start_mode,0.95831,0.000519,0.766558,3.00992,16.1917,1.13871,0.066844,0.0,4.13195,72.65482,5.398
/Users/phongpham/Downloads/smartBinocular/data/weather/ExDark/Bus/2015_02400.png,normal_night,,A,HybridNIREnhancer,still_image_cold_start_mode,still_image_cold_start_mode,1.08171,0.005712,0.253737,6.17704,39.52032,1.12197,0.322391,0.0,6.68755,87.19815,5.659
/Users/phongpham/Downloads/smartBinocular/data/weather/ExDark/Car/2015_02681.JPG,normal_night,,A,HybridNIREnhancer,still_image_cold_start_mode,still_image_cold_start_mode,0.61252,0.000185,0.150848,6.10406,35.05793,0.50367,0.0,0.000287,7.2337,85.2385,6.74
/Users/phongpham/Downloads/smartBinocular/data/weather/ExDark/Bus/2015_01987.jpg,normal_night,,A,HybridNIREnhancer,still_image_cold_start_mode,still_image_cold_start_mode,1.51877,0.014138,0.545504,4.95526,49.63288,1.25127,0.179364,0.0,5.44934,81.77632,6.018
/Users/phongpham/Downloads/smartBinocular/data/weather/ExDark/Boat/2015_00937.jpg,normal_night,,A,HybridNIREnhancer,still_image_cold_start_mode,still_image_cold_start_mode,1.14567,0.0006,0.147256,6.72359,57.03833,0.79602,0.000171,4e-05,6.768,83.31564,5.926
/Users/phongpham/Downloads/smartBinocular/data/weather/ExDark/Boat/2015_00840.jpg,normal_night,,A,HybridNIREnhancer,still_image_cold_start_mode,still_image_cold_start_mode,1.53334,0.000338,0.001937,6.55851,28.59299,1.50265,0.0,0.002784,7.18946,50.81249,5.121
/Users/phongpham/Downloads/smartBinocular/data/weather/ExDark/Bus/2015_02133.jpg,normal_night,,A,HybridNIREnhancer,still_image_cold_start_mode,still_image_cold_start_mode,1.58018,0.007493,0.340508,5.75123,39.76791,1.41023,0.11966,0.0,7.11149,75.26751,5.318
/Users/phongpham/Downloads/smartBinocular/data/weather/ExDark/Bus/2015_02385.jpg,normal_night,,A,HybridNIREnhancer,still_image_cold_start_mode,still_image_cold_start_mode,1.33325,0.014367,0.493123,5.20332,43.22688,1.05402,0.176696,0.0,6.29928,76.44464,5.317
/Users/phongpham/Downloads/smartBinocular/data/weather/ExDark/Boat/2015_00979.jpg,normal_night,,A,HybridNIREnhancer,still_image_cold_start_mode,still_image_cold_start_mode,1.631,0.009993,0.554256,5.47109,51.39882,1.38398,0.204051,0.0,6.11651,84.29889,5.092
/Users/phongpham/Downloads/smartBinocular/data/weather/ExDark/Bus/2015_02153.jpg,normal_night,,A,HybridNIREnhancer,still_image_cold_start_mode,still_image_cold_start_mode,1.78305,0.018556,0.021648,7.15413,49.71073,1.53352,0.288102,5.5e-05,7.0321,70.35373,5.127
/Users/phongpham/Downloads/smartBinocular/data/weather/ExDark/Boat/2015_01066.jpg,normal_night,,A,HybridNIREnhancer,still_image_cold_start_mode,still_image_cold_start_mode,1.28134,0.00014,0.059214,6.14468,33.36224,1.30763,0.005472,0.000569,7.40827,68.4696,4.994
/Users/phongpham/Downloads/smartBinocular/data/weather/ExDark/Car/2015_02756.jpg,normal_night,extreme_dark,A,HybridNIREnhancer,still_image_cold_start_mode,still_image_cold_start_mode,0.88729,0.0001,0.77777,3.52245,12.96282,1.09585,0.016974,0.0,5.40345,52.80943,5.032
/Users/phongpham/Downloads/smartBinocular/data/weather/ExDark/Bus/2015_02338.jpg,normal_night,,A,HybridNIREnhancer,still_image_cold_start_mode,still_image_cold_start_mode,1.3301,0.001721,0.372279,5.57825,29.95896,1.18414,0.178094,0.0,6.75768,87.55224,5.151
/Users/phongpham/Downloads/smartBinocular/data/weather/ExDark/Motorbike/2015_05758.jpg,normal_night,,A,HybridNIREnhancer,still_image_cold_start_mode,still_image_cold_start_mode,0.82751,0.004768,0.612905,4.87496,38.74078,0.60064,0.142468,0.0,5.87703,79.27036,6.074
/Users/phongpham/Downloads/smartBinocular/data/weather/ExDark/Car/2015_02694.JPG,normal_night,extreme_dark,A,HybridNIREnhancer,still_image_cold_start_mode,still_image_cold_start_mode,0.55898,0.000557,0.510202,4.84325,19.94994,0.18021,0.084829,0.0,7.12341,73.75278,10.022
/Users/phongpham/Downloads/smartBinocular/data/weather/ExDark/Boat/2015_01319.png,normal_night,,A,HybridNIREnhancer,still_image_cold_start_mode,still_image_cold_start_mode,0.76198,0.000274,0.256527,5.93858,23.73812,0.97115,0.0,0.004309,6.68739,92.56515,6.278
/Users/phongpham/Downloads/smartBinocular/data/weather/ExDark/Car/2015_02716.jpg,normal_night,,A,HybridNIREnhancer,still_image_cold_start_mode,still_image_cold_start_mode,1.26665,0.005165,0.211486,6.2588,33.32751,1.12344,0.138388,4.3e-05,6.47215,89.54247,5.292
/Users/phongpham/Downloads/smartBinocular/data/weather/ExDark/Car/2015_02655.JPG,normal_night,,A,HybridNIREnhancer,still_image_cold_start_mode,still_image_cold_start_mode,0.49276,0.000932,0.0,6.26999,46.81662,0.33786,0.001086,0.0,7.06118,75.16059,7.001
/Users/phongpham/Downloads/smartBinocular/data/weather/ExDark/Bus/2015_02058.jpg,normal_night,,A,HybridNIREnhancer,still_image_cold_start_mode,still_image_cold_start_mode,1.38605,0.007832,0.145238,6.77767,50.74804,1.24936,0.175647,0.0,7.15371,80.33316,5.522
/Users/phongpham/Downloads/smartBinocular/data/weather/ExDark/Bus/2015_02293.jpg,normal_night,,A,HybridNIREnhancer,still_image_cold_start_mode,still_image_cold_start_mode,1.10303,0.001129,0.501252,4.3767,28.91962,1.24214,0.038331,0.0,6.14551,72.7827,5.223
/Users/phongpham/Downloads/smartBinocular/data/weather/ExDark/Boat/2015_00945.jpg,normal_night,,A,HybridNIREnhancer,still_image_cold_start_mode,still_image_cold_start_mode,1.33267,0.001581,0.104032,7.35548,64.93228,0.99798,0.02927,0.0,7.51256,65.99523,5.301
/Users/phongpham/Downloads/smartBinocular/data/weather/ExDark/Bus/2015_01900.jpg,normal_night,,A,HybridNIREnhancer,still_image_cold_start_mode,still_image_cold_start_mode,1.75102,8.4e-05,0.097275,6.92998,41.86608,1.63492,0.0,0.001821,7.14832,74.31084,5.115
/Users/phongpham/Downloads/smartBinocular/data/weather/ExDark/Motorbike/2015_06088.jpg,normal_night,,A,HybridNIREnhancer,still_image_cold_start_mode,still_image_cold_start_mode,1.00169,0.001024,0.006031,6.10997,26.66899,1.18534,0.0,0.000624,7.27987,70.78747,5.404
/Users/phongpham/Downloads/smartBinocular/data/weather/ExDark/Bus/2015_02202.jpg,normal_night,,A,HybridNIREnhancer,still_image_cold_start_mode,still_image_cold_start_mode,1.84018,0.002498,0.228901,6.74581,38.26671,1.60441,0.0,0.019054,7.18231,81.14611,5.268
/Users/phongpham/Downloads/smartBinocular/data/weather/ExDark/Boat/2015_01322.png,normal_night,,A,HybridNIREnhancer,still_image_cold_start_mode,still_image_cold_start_mode,1.04789,0.002879,0.02394,6.39866,32.75246,1.04273,0.0,0.001897,7.06734,76.2873,5.447
/Users/phongpham/Downloads/smartBinocular/data/weather/ExDark/Motorbike/2015_05794.jpg,normal_night,,A,HybridNIREnhancer,still_image_cold_start_mode,still_image_cold_start_mode,1.58571,0.001103,0.126688,6.75013,40.91113,1.67668,0.022274,0.000181,7.38586,67.89675,5.434
/Users/phongpham/Downloads/smartBinocular/data/weather/ExDark/Car/2015_02754.jpg,normal_night,,A,HybridNIREnhancer,still_image_cold_start_mode,still_image_cold_start_mode,0.85974,0.00056,0.350384,5.58897,20.56229,1.09657,0.0,0.000385,6.5811,93.62009,5.253
/Users/phongpham/Downloads/smartBinocular/data/weather/weather11/dataset/fogsmog/4351.jpg,fog,,A,HybridNIREnhancer,still_image_cold_start_mode,still_image_cold_start_mode,0.37847,6.9e-05,0.0,5.56892,14.17086,0.11836,3.7e-05,0.0,5.75768,15.05937,7.952
/Users/phongpham/Downloads/smartBinocular/data/weather/weather11/dataset/fogsmog/4730.jpg,fog,,A,HybridNIREnhancer,still_image_cold_start_mode,still_image_cold_start_mode,0.82597,0.102955,0.0,6.87291,75.01843,0.85979,0.277141,0.0,6.55076,66.99279,5.777
/Users/phongpham/Downloads/smartBinocular/data/weather/weather11/dataset/fogsmog/4779.jpg,fog,,A,HybridNIREnhancer,still_image_cold_start_mode,still_image_cold_start_mode,1.55352,0.0,0.032419,6.52399,39.41139,1.41252,0.0,0.0,6.67118,37.65617,5.128
/Users/phongpham/Downloads/smartBinocular/data/weather/weather11/dataset/fogsmog/4645.jpg,fog,,A,HybridNIREnhancer,still_image_cold_start_mode,still_image_cold_start_mode,1.21539,0.008667,0.0,7.81062,68.05578,1.00017,0.058117,0.0,7.6427,60.58413,5.106
/Users/phongpham/Downloads/smartBinocular/data/weather/weather11/dataset/fogsmog/4299.jpg,fog,,A,HybridNIREnhancer,still_image_cold_start_mode,still_image_cold_start_mode,1.12467,0.098857,1e-05,7.61242,80.60274,1.34297,0.17698,0.0,7.18258,66.78653,5.119
/Users/phongpham/Downloads/smartBinocular/data/weather/weather11/dataset/fogsmog/4776.jpg,fog,,A,HybridNIREnhancer,still_image_cold_start_mode,still_image_cold_start_mode,1.01464,0.0,0.0,6.17566,23.11283,1.05426,0.0,0.0,6.50995,26.14731,5.229
/Users/phongpham/Downloads/smartBinocular/data/weather/weather11/dataset/fogsmog/4407.jpg,fog,,A,HybridNIREnhancer,still_image_cold_start_mode,still_image_cold_start_mode,0.9539,0.0,0.0,6.59228,31.67894,1.07607,0.0,0.0,6.65115,28.8796,5.051
/Users/phongpham/Downloads/smartBinocular/data/weather/weather11/dataset/fogsmog/4861.jpg,fog,,A,HybridNIREnhancer,still_image_cold_start_mode,still_image_cold_start_mode,0.83793,0.0,0.0,7.06488,45.30481,0.88858,0.021887,0.0,7.11232,41.54962,5.137
/Users/phongpham/Downloads/smartBinocular/data/weather/weather11/dataset/fogsmog/4869.jpg,fog,,A,HybridNIREnhancer,still_image_cold_start_mode,still_image_cold_start_mode,1.00669,0.002152,0.000113,7.24652,56.58847,1.19543,0.299502,0.0,6.4677,76.16897,5.332
/Users/phongpham/Downloads/smartBinocular/data/weather/weather11/dataset/fogsmog/4132.jpg,fog,,A,HybridNIREnhancer,still_image_cold_start_mode,still_image_cold_start_mode,1.1476,0.001391,0.0,6.23064,21.25917,1.06813,0.000395,0.0,6.37471,23.19985,4.977
/Users/phongpham/Downloads/smartBinocular/data/weather/weather11/dataset/fogsmog/4309.jpg,fog,,A,HybridNIREnhancer,still_image_cold_start_mode,still_image_cold_start_mode,1.45812,7.5e-05,0.0,7.22869,43.65336,1.52496,0.001577,0.0,7.30274,42.5391,5.297
/Users/phongpham/Downloads/smartBinocular/data/weather/weather11/dataset/fogsmog/4916.jpg,fog,,A,HybridNIREnhancer,still_image_cold_start_mode,still_image_cold_start_mode,1.15537,0.0,0.000155,6.58388,25.72985,1.30923,0.000174,0.0,6.9753,29.07224,5.023
/Users/phongpham/Downloads/smartBinocular/data/weather/weather11/dataset/fogsmog/4107.jpg,fog,extreme_bright,A,HybridNIREnhancer,still_image_cold_start_mode,still_image_cold_start_mode,1.65694,0.286562,0.00054,6.57113,61.18106,1.50825,0.293191,0.0,6.35624,55.46932,5.593
/Users/phongpham/Downloads/smartBinocular/data/weather/weather11/dataset/fogsmog/4899.jpg,fog,,A,HybridNIREnhancer,still_image_cold_start_mode,still_image_cold_start_mode,0.7559,0.0,0.0,7.14045,40.12779,0.96771,0.0,0.0,6.96038,34.6189,4.993
/Users/phongpham/Downloads/smartBinocular/data/weather/weather11/dataset/fogsmog/4398.jpg,fog,,A,HybridNIREnhancer,still_image_cold_start_mode,still_image_cold_start_mode,1.47073,0.0,0.0,6.77085,28.37238,1.50664,0.000119,0.0,7.04478,31.01382,5.228
/Users/phongpham/Downloads/smartBinocular/data/weather/weather11/dataset/fogsmog/4485.jpg,fog,,A,HybridNIREnhancer,still_image_cold_start_mode,still_image_cold_start_mode,1.3083,0.000298,2.7e-05,5.79455,14.52937,1.14283,1.8e-05,9e-06,5.83272,14.7367,5.101
/Users/phongpham/Downloads/smartBinocular/data/weather/weather11/dataset/fogsmog/4349.jpg,fog,,A,HybridNIREnhancer,still_image_cold_start_mode,still_image_cold_start_mode,1.45621,0.0,0.0,6.98504,65.37465,1.3802,0.108914,0.0,7.23629,56.84958,5.288
/Users/phongpham/Downloads/smartBinocular/data/weather/weather11/dataset/fogsmog/4142.jpg,fog,,A,HybridNIREnhancer,still_image_cold_start_mode,still_image_cold_start_mode,0.62061,0.0,0.0,6.95349,39.10999,0.91641,0.0,0.0,6.95418,34.3953,5.12
/Users/phongpham/Downloads/smartBinocular/data/weather/weather11/dataset/fogsmog/4291.jpg,fog,,A,HybridNIREnhancer,still_image_cold_start_mode,still_image_cold_start_mode,1.35476,0.008273,0.008755,7.74611,59.07938,1.46304,0.020191,0.0,7.48676,49.70383,4.985
/Users/phongpham/Downloads/smartBinocular/data/weather/weather11/dataset/fogsmog/4655.jpg,fog,,A,HybridNIREnhancer,still_image_cold_start_mode,still_image_cold_start_mode,1.25478,0.0,0.0,6.89142,31.14425,1.48891,0.000376,0.0,7.02872,30.5215,5.095
/Users/phongpham/Downloads/smartBinocular/data/weather/glare/real/input/input_000091.png,glare,,A,HybridNIREnhancer,still_image_cold_start_mode,still_image_cold_start_mode,1.43384,0.018303,0.007107,6.49208,46.92586,1.35601,0.22654,0.0,7.27584,67.27674,4.954
/Users/phongpham/Downloads/smartBinocular/data/weather/glare/real/input/input_000040.png,glare,,A,HybridNIREnhancer,still_image_cold_start_mode,still_image_cold_start_mode,1.37354,0.002155,0.0,6.92755,41.91161,1.40192,0.002842,0.000118,6.72539,67.21298,5.391
/Users/phongpham/Downloads/smartBinocular/data/weather/glare/real/input/input_000027.png,glare,,A,HybridNIREnhancer,still_image_cold_start_mode,still_image_cold_start_mode,0.91092,0.003109,0.0,6.6184,29.32756,1.0239,0.003681,0.0,7.4278,45.20408,5.265
/Users/phongpham/Downloads/smartBinocular/data/weather/glare/real/input/input_000083.png,glare,,A,HybridNIREnhancer,still_image_cold_start_mode,still_image_cold_start_mode,1.34164,0.005703,0.01841,7.10351,47.76934,1.40077,0.375736,0.0,6.48633,80.82967,5.06
/Users/phongpham/Downloads/smartBinocular/data/weather/glare/real/input/input_000063.png,glare,borderline_glare,A,HybridNIREnhancer,still_image_cold_start_mode,still_image_cold_start_mode,1.38719,0.058895,0.0,7.43631,65.08336,1.30381,0.106495,0.0,7.46908,60.9119,5.343
/Users/phongpham/Downloads/smartBinocular/data/weather/glare/real/input/input_000050.png,glare,,A,HybridNIREnhancer,still_image_cold_start_mode,still_image_cold_start_mode,0.82495,0.006584,0.0,6.56146,24.46094,0.59628,0.008621,0.0,6.10886,20.48203,5.114
/Users/phongpham/Downloads/smartBinocular/data/weather/glare/real/input/input_000082.png,glare,,A,HybridNIREnhancer,still_image_cold_start_mode,still_image_cold_start_mode,1.23491,0.015251,0.0,7.51699,45.16292,1.03826,0.042568,0.0,7.46316,44.63363,5.247
/Users/phongpham/Downloads/smartBinocular/data/weather/glare/real/input/input_000058.png,glare,,A,HybridNIREnhancer,still_image_cold_start_mode,still_image_cold_start_mode,1.15752,0.003929,0.0,7.0091,42.18636,1.26112,0.084461,0.0,7.29286,70.47516,5.324
/Users/phongpham/Downloads/smartBinocular/data/weather/glare/real/input/input_000018.png,glare,,A,HybridNIREnhancer,still_image_cold_start_mode,still_image_cold_start_mode,1.48353,0.000671,0.000484,6.56608,35.54493,1.46364,0.162785,0.000317,7.3085,77.63668,5.197
/Users/phongpham/Downloads/smartBinocular/data/weather/glare/real/input/input_000033.png,glare,,A,HybridNIREnhancer,still_image_cold_start_mode,still_image_cold_start_mode,1.24267,0.010521,0.0,7.05057,46.71461,1.16173,0.039055,0.0,7.3567,47.58431,5.125
/Users/phongpham/Downloads/smartBinocular/data/weather/glare/real/input/input_000017.png,glare,,A,HybridNIREnhancer,still_image_cold_start_mode,still_image_cold_start_mode,1.11451,0.000866,4e-06,6.13505,31.60338,1.37166,0.0,0.0,6.79338,74.90736,5.152
/Users/phongpham/Downloads/smartBinocular/data/weather/glare/real/input/input_000031.png,glare,,A,HybridNIREnhancer,still_image_cold_start_mode,still_image_cold_start_mode,1.37653,0.026558,0.0,7.51371,53.72886,1.23886,0.078854,0.0,7.59539,55.82874,5.077
/Users/phongpham/Downloads/smartBinocular/data/weather/glare/real/input/input_000095.png,glare,,A,HybridNIREnhancer,still_image_cold_start_mode,still_image_cold_start_mode,1.63036,0.004768,0.0,7.39594,45.64437,1.4812,0.074654,0.0,7.74232,61.81974,5.265
/Users/phongpham/Downloads/smartBinocular/data/weather/glare/real/input/input_000071.png,glare,extreme_dark,A,HybridNIREnhancer,still_image_cold_start_mode,still_image_cold_start_mode,0.58148,0.0,0.132069,4.73042,12.17149,1.01498,0.0,1.1e-05,7.4048,64.43185,5.204
/Users/phongpham/Downloads/smartBinocular/data/weather/glare/real/input/input_000068.png,glare,,A,HybridNIREnhancer,still_image_cold_start_mode,still_image_cold_start_mode,1.25244,0.011387,0.0,7.47529,53.74963,1.18878,0.06525,0.0,7.67468,55.41692,5.149
/Users/phongpham/Downloads/smartBinocular/data/weather/glare/real/input/input_000074.png,glare,,A,HybridNIREnhancer,still_image_cold_start_mode,still_image_cold_start_mode,0.75236,0.006744,0.252628,5.27352,36.28812,1.08511,0.158596,0.0,6.64691,72.53012,5.073
/Users/phongpham/Downloads/smartBinocular/data/weather/glare/real/input/input_000054.png,glare,,A,HybridNIREnhancer,still_image_cold_start_mode,still_image_cold_start_mode,1.17871,0.003498,4e-06,7.2069,47.54301,1.28952,0.107517,0.0,7.3393,71.47512,5.211
/Users/phongpham/Downloads/smartBinocular/data/weather/glare/real/input/input_000051.png,glare,borderline_glare,A,HybridNIREnhancer,still_image_cold_start_mode,still_image_cold_start_mode,1.491,0.057575,0.0,7.55125,62.50648,1.24101,0.130974,0.0,7.49182,60.43631,5.272
/Users/phongpham/Downloads/smartBinocular/data/weather/glare/real/input/input_000046.png,glare,,A,HybridNIREnhancer,still_image_cold_start_mode,still_image_cold_start_mode,1.16745,0.003391,0.0,6.91561,35.30186,0.9712,0.006836,0.0,7.02304,38.17722,4.988
/Users/phongpham/Downloads/smartBinocular/data/weather/glare/real/input/input_000028.png,glare,,A,HybridNIREnhancer,still_image_cold_start_mode,still_image_cold_start_mode,1.34006,0.006393,0.0,7.06321,33.93082,1.27099,0.006821,0.0,7.63825,48.3384,5.034
/Users/phongpham/Downloads/smartBinocular/data/weather/backlight/0070.JPG,backlight,,A,HybridNIREnhancer,still_image_cold_start_mode,still_image_cold_start_mode,1.03961,0.112887,6e-06,7.37353,77.86931,0.64597,0.214535,0.0,7.04976,74.41534,6.559
/Users/phongpham/Downloads/smartBinocular/data/weather/backlight/0260.JPG,backlight,extreme_bright,A,HybridNIREnhancer,still_image_cold_start_mode,still_image_cold_start_mode,1.15561,0.240464,0.0,6.56499,79.25891,0.51785,0.244926,0.0,6.5285,67.41597,6.385
/Users/phongpham/Downloads/smartBinocular/data/weather/backlight/0252.JPG,backlight,extreme_bright,A,HybridNIREnhancer,still_image_cold_start_mode,still_image_cold_start_mode,1.29623,0.326545,0.0,6.6928,82.34762,0.57736,0.325265,0.0,6.21791,74.05511,7.082
/Users/phongpham/Downloads/smartBinocular/data/weather/backlight/0046.JPG,backlight,borderline_glare,A,HybridNIREnhancer,still_image_cold_start_mode,still_image_cold_start_mode,1.05887,0.076549,0.000442,7.74387,77.13005,0.65521,0.094873,0.0,7.63706,69.85369,6.966
/Users/phongpham/Downloads/smartBinocular/data/weather/backlight/0024.JPG,backlight,,A,HybridNIREnhancer,still_image_cold_start_mode,still_image_cold_start_mode,1.23887,0.018618,0.098119,7.56529,66.93047,0.5505,0.074095,0.0,7.6082,72.90407,6.114
/Users/phongpham/Downloads/smartBinocular/data/weather/backlight/0056.JPG,backlight,borderline_glare,A,HybridNIREnhancer,still_image_cold_start_mode,still_image_cold_start_mode,1.04896,0.032042,0.011715,7.46534,65.76459,0.6557,0.086091,0.0,7.60726,71.04545,6.025
/Users/phongpham/Downloads/smartBinocular/data/weather/backlight/0078.JPG,backlight,,A,HybridNIREnhancer,still_image_cold_start_mode,still_image_cold_start_mode,1.54534,0.135481,0.000664,7.22402,71.72092,0.70999,0.14891,0.0,7.29525,63.989,6.327
/Users/phongpham/Downloads/smartBinocular/data/weather/backlight/0321.JPG,backlight,,A,HybridNIREnhancer,still_image_cold_start_mode,still_image_cold_start_mode,0.86061,0.000214,0.013785,5.64942,99.53853,0.30625,0.011523,0.0,6.19836,95.42848,6.101
/Users/phongpham/Downloads/smartBinocular/data/weather/backlight/0081.JPG,backlight,,A,HybridNIREnhancer,still_image_cold_start_mode,still_image_cold_start_mode,1.38711,0.016736,0.010941,7.61452,71.35947,0.79194,0.068024,0.0,7.79269,69.08345,6.196
/Users/phongpham/Downloads/smartBinocular/data/weather/backlight/0348.JPG,backlight,extreme_bright,A,HybridNIREnhancer,still_image_cold_start_mode,still_image_cold_start_mode,1.31382,0.275641,0.009159,6.54407,100.08759,0.70777,0.313585,0.0,6.24273,83.08041,6.279
/Users/phongpham/Downloads/smartBinocular/data/weather/backlight/0216.JPG,backlight,,A,HybridNIREnhancer,still_image_cold_start_mode,still_image_cold_start_mode,0.54316,0.0,0.013844,5.2463,56.13327,0.07329,0.0,1e-05,5.61859,57.17629,5.723
/Users/phongpham/Downloads/smartBinocular/data/weather/backlight/0305.JPG,backlight,,A,HybridNIREnhancer,still_image_cold_start_mode,still_image_cold_start_mode,1.14911,0.0,0.0082,7.19303,82.33933,0.49912,0.103532,0.0,7.4593,69.23326,5.834
/Users/phongpham/Downloads/smartBinocular/data/weather/backlight/0032.JPG,backlight,borderline_glare,A,HybridNIREnhancer,still_image_cold_start_mode,still_image_cold_start_mode,0.86705,0.038913,0.013796,6.53949,88.24296,0.39985,0.189712,0.0,6.77241,73.18879,6.032
/Users/phongpham/Downloads/smartBinocular/data/weather/backlight/0197.JPG,backlight,,A,HybridNIREnhancer,still_image_cold_start_mode,still_image_cold_start_mode,1.55737,0.116039,0.000987,7.51301,81.4722,0.84809,0.142486,0.0,7.47882,71.40728,6.614
/Users/phongpham/Downloads/smartBinocular/data/weather/backlight/0195.JPG,backlight,,A,HybridNIREnhancer,still_image_cold_start_mode,still_image_cold_start_mode,1.41347,0.027676,0.004158,7.22337,58.90348,0.87478,0.190239,0.0,7.34382,76.33324,6.529
data/weather/darkface/image/4723.png,night_clear,extreme_dark,A,HybridNIREnhancer,still_image_cold_start_mode,still_image_cold_start_mode,1.13275,0.002261,0.755222,3.81157,25.45799,0.87893,0.04597,0.0,5.78719,54.98744,5.622
data/weather/darkface/image/4284.png,night_clear,extreme_dark,A,HybridNIREnhancer,still_image_cold_start_mode,still_image_cold_start_mode,1.3174,0.000458,0.735319,3.85433,14.11667,1.04253,0.017515,0.0,6.00577,45.80758,5.35
data/weather/darkface/image/2164.png,night_clear,extreme_dark,A,HybridNIREnhancer,still_image_cold_start_mode,still_image_cold_start_mode,1.13495,0.000557,0.484866,4.72241,21.84472,1.01909,0.054837,0.0,6.86082,63.29168,5.601
data/weather/darkface/image/1657.png,night_clear,extreme_dark,A,HybridNIREnhancer,still_image_cold_start_mode,still_image_cold_start_mode,1.34573,0.000766,0.445534,4.68407,17.0757,1.11375,0.032975,0.0,6.86455,57.80145,5.302
data/weather/darkface/image/741.png,night_clear,,A,HybridNIREnhancer,still_image_cold_start_mode,still_image_cold_start_mode,1.09555,0.000804,0.426893,5.65966,31.83908,1.10874,0.24428,0.000112,6.27231,94.53189,5.541
data/weather/darkface/image/4275.png,night_clear,extreme_dark,A,HybridNIREnhancer,still_image_cold_start_mode,still_image_cold_start_mode,1.26196,0.000374,0.607212,4.19932,13.41045,1.03187,0.022178,0.0,6.46058,49.59914,5.783
data/weather/darkface/image/3904.png,night_clear,extreme_dark,A,HybridNIREnhancer,still_image_cold_start_mode,still_image_cold_start_mode,1.12836,0.002289,0.767939,3.75368,25.33442,0.86547,0.044685,0.0,5.79132,54.03856,5.39
data/weather/darkface/image/3443.png,night_clear,extreme_dark,A,HybridNIREnhancer,still_image_cold_start_mode,still_image_cold_start_mode,1.09137,0.000333,0.761884,3.82903,13.40124,0.9494,0.039228,0.0,5.9093,55.80787,5.544
data/weather/darkface/image/1702.png,night_clear,extreme_dark,A,HybridNIREnhancer,still_image_cold_start_mode,still_image_cold_start_mode,1.16095,0.000315,0.623194,4.45882,18.00293,1.09136,0.062917,0.0,6.38935,69.03176,5.305
data/weather/darkface/image/3677.png,night_clear,extreme_dark,A,HybridNIREnhancer,still_image_cold_start_mode,still_image_cold_start_mode,1.0219,0.000264,0.709623,3.94205,13.42971,0.94553,0.019649,0.0,6.13916,49.27492,5.412
data/weather/ExDark/Cat/2015_03189.jpg,normal_night,,A,HybridNIREnhancer,still_image_cold_start_mode,still_image_cold_start_mode,1.16875,0.012894,0.509557,5.43176,58.9081,1.02285,0.196289,0.0,6.34565,74.29204,6.196
data/weather/ExDark/Cat/2015_03334.jpg,normal_night,,A,HybridNIREnhancer,still_image_cold_start_mode,still_image_cold_start_mode,0.79472,0.0,0.214258,6.27476,30.25462,1.67461,0.0,0.00082,6.81357,79.44217,4.712
data/weather/ExDark/Bicycle/2015_00407.jpg,normal_night,,A,HybridNIREnhancer,still_image_cold_start_mode,still_image_cold_start_mode,1.56713,0.002696,0.07749,7.03972,41.13355,1.38909,0.020947,0.00062,7.27934,77.77157,5.353
data/weather/ExDark/Bicycle/2015_00155.jpg,normal_night,,A,HybridNIREnhancer,still_image_cold_start_mode,still_image_cold_start_mode,1.8479,0.005117,0.011489,7.44391,49.80314,1.72417,0.006781,0.0,7.44105,63.81125,5.324
data/weather/ExDark/Cat/2015_03767.jpg,normal_night,,A,HybridNIREnhancer,still_image_cold_start_mode,still_image_cold_start_mode,1.16789,0.015373,0.444119,6.04674,59.49066,1.02327,0.266998,0.0,5.40992,88.73885,5.51
data/weather/ExDark/Bicycle/2015_00022.jpg,normal_night,,A,HybridNIREnhancer,still_image_cold_start_mode,still_image_cold_start_mode,1.76461,0.008054,0.079627,7.02141,44.64936,1.74385,0.125855,0.000801,7.48677,70.39126,5.31
data/weather/ExDark/Cat/2015_03296.jpg,normal_night,,A,HybridNIREnhancer,still_image_cold_start_mode,still_image_cold_start_mode,1.31524,1.5e-05,0.001292,5.95549,23.97829,1.52366,0.0,0.000227,7.10272,75.18471,5.092
data/weather/ExDark/Boat/2015_01217.jpg,normal_night,,A,HybridNIREnhancer,still_image_cold_start_mode,still_image_cold_start_mode,1.41581,0.001481,0.000959,6.02983,28.16967,1.23452,0.0,0.000189,6.87363,72.88093,5.313
data/weather/ExDark/Dog/2015_05268.jpg,normal_night,,A,HybridNIREnhancer,still_image_cold_start_mode,still_image_cold_start_mode,1.29366,0.0,0.146237,5.84965,35.87753,1.24157,0.001299,0.0,6.75884,81.77301,5.216
data/weather/ExDark/Bicycle/2015_00632.jpg,normal_night,extreme_dark,A,HybridNIREnhancer,still_image_cold_start_mode,still_image_cold_start_mode,1.07216,9e-06,0.721907,3.23702,24.61847,0.98335,0.140799,0.0,3.48623,84.04373,5.348
data/weather/gray/1382.jpg,nir_night,,A,HybridNIREnhancer,still_image_cold_start_mode,still_image_cold_start_mode,1.41885,4.4e-05,0.264622,6.36767,77.54415,1.52442,0.023556,0.0,6.70618,76.70815,5.138
data/weather/gray/183.jpg,nir_night,,A,HybridNIREnhancer,still_image_cold_start_mode,still_image_cold_start_mode,1.92984,0.000222,0.002622,7.18524,29.92474,2.1896,0.0,0.001867,6.34217,36.44623,5.185
data/weather/gray/4152.jpg,nir_night,,A,HybridNIREnhancer,still_image_cold_start_mode,still_image_cold_start_mode,2.13551,0.005289,0.0108,7.76777,41.38859,2.2009,0.120844,0.0,7.60713,40.54162,5.3
data/weather/gray/2959.jpg,nir_night,,A,HybridNIREnhancer,still_image_cold_start_mode,still_image_cold_start_mode,1.76635,8.9e-05,0.000356,6.68715,18.43452,1.93028,0.022133,4.4e-05,7.3457,28.77334,5.053
data/weather/gray/5683.jpg,nir_night,,A,HybridNIREnhancer,still_image_cold_start_mode,still_image_cold_start_mode,1.59726,0.000533,0.138444,6.44743,76.45639,1.71165,0.036444,0.0,7.50027,66.32395,5.072
data/weather/gray/3786.jpg,nir_night,,A,HybridNIREnhancer,still_image_cold_start_mode,still_image_cold_start_mode,2.07374,0.005511,0.006089,7.60125,44.08417,2.13302,0.101778,0.0,7.62951,42.84889,5.019
data/weather/gray/5474.jpg,nir_night,,A,HybridNIREnhancer,still_image_cold_start_mode,still_image_cold_start_mode,2.18893,0.002222,0.014222,7.7613,33.3638,2.25945,0.096711,0.0,7.75379,33.86405,5.258
data/weather/gray/5056.jpg,nir_night,,A,HybridNIREnhancer,still_image_cold_start_mode,still_image_cold_start_mode,2.18731,0.002089,0.061733,7.63378,29.68848,2.28542,0.138356,0.000133,7.65186,34.90669,5.008
data/weather/gray/4909.jpg,nir_night,,A,HybridNIREnhancer,still_image_cold_start_mode,still_image_cold_start_mode,2.08836,0.001067,0.002178,7.55184,29.28498,2.23399,0.108,0.0,7.70868,34.54427,5.088
data/weather/gray/445.jpg,nir_night,,A,HybridNIREnhancer,still_image_cold_start_mode,still_image_cold_start_mode,2.11765,0.0108,0.069689,7.66251,49.03523,2.16856,0.119333,0.0,7.58423,45.10294,5.093
data/weather/weather11/dataset/fogsmog/4078.jpg,fog,,A,HybridNIREnhancer,still_image_cold_start_mode,still_image_cold_start_mode,0.8931,0.00064,0.0,6.86627,33.31836,0.9588,0.001372,0.0,6.77316,31.17479,5.424
data/weather/weather11/dataset/fogsmog/4486.jpg,fog,,A,HybridNIREnhancer,still_image_cold_start_mode,still_image_cold_start_mode,0.46204,0.0,0.0,6.97295,41.78926,0.61312,0.0,0.0,6.96293,39.43506,5.128
data/weather/weather11/dataset/fogsmog/4545.jpg,fog,,A,HybridNIREnhancer,still_image_cold_start_mode,still_image_cold_start_mode,0.64157,0.145813,0.0,6.53804,34.59864,0.89075,0.097907,0.0,6.64664,36.64387,5.038
data/weather/weather11/dataset/fogsmog/4663.jpg,fog,,A,HybridNIREnhancer,still_image_cold_start_mode,still_image_cold_start_mode,1.28755,0.0,0.0,7.19143,40.08938,1.39979,0.0011,0.0,7.15609,35.90237,5.015
data/weather/weather11/dataset/fogsmog/4501.jpg,fog,,A,HybridNIREnhancer,still_image_cold_start_mode,still_image_cold_start_mode,1.42774,0.003798,0.0,7.21173,62.04331,1.56126,0.011795,0.0,7.20536,55.28342,5.102
data/weather/weather11/dataset/fogsmog/4548.jpg,fog,,A,HybridNIREnhancer,still_image_cold_start_mode,still_image_cold_start_mode,0.791,0.001485,0.0,6.87946,34.60151,0.84208,0.002942,0.0,6.76325,34.09686,5.096
data/weather/weather11/dataset/fogsmog/4554.jpg,fog,,A,HybridNIREnhancer,still_image_cold_start_mode,still_image_cold_start_mode,1.21141,0.000163,0.016673,7.42426,51.93372,1.10131,0.000365,0.0,7.22114,43.40139,5.073
data/weather/weather11/dataset/fogsmog/4714.jpg,fog,,A,HybridNIREnhancer,still_image_cold_start_mode,still_image_cold_start_mode,0.95254,0.0,0.0,7.34383,51.60357,1.02137,0.0,0.0,7.29451,46.7716,5.107
data/weather/weather11/dataset/fogsmog/4778.jpg,fog,,A,HybridNIREnhancer,still_image_cold_start_mode,still_image_cold_start_mode,1.01257,0.0,0.0,6.28077,22.8717,1.01946,0.0,0.0,6.35284,22.46952,4.996
data/weather/weather11/dataset/fogsmog/4272.jpg,fog,,A,HybridNIREnhancer,still_image_cold_start_mode,still_image_cold_start_mode,1.30111,0.160123,0.008953,7.34697,72.06612,1.22589,0.197953,0.0,6.92977,58.52029,5.365
data/weather/glare/real/input/input_000064.png,glare,borderline_glare,A,HybridNIREnhancer,still_image_cold_start_mode,still_image_cold_start_mode,1.39416,0.037983,0.0,7.41277,63.77203,1.2609,0.104168,0.0,7.40474,65.44629,5.26
data/weather/glare/real/input/input_000052.png,glare,borderline_glare,A,HybridNIREnhancer,still_image_cold_start_mode,still_image_cold_start_mode,1.50296,0.077171,0.0,7.5082,63.38712,1.24607,0.147156,0.0,7.44369,60.19113,5.357
data/weather/glare/real/input/input_000090.png,glare,,A,HybridNIREnhancer,still_image_cold_start_mode,still_image_cold_start_mode,1.08583,0.029682,0.0,7.55764,53.83471,0.92057,0.073429,0.0,7.43046,49.32896,5.261
data/weather/glare/real/input/input_000079.png,glare,borderline_glare,A,HybridNIREnhancer,still_image_cold_start_mode,still_image_cold_start_mode,1.15574,0.030102,0.0,7.47341,49.10231,1.00378,0.054535,0.0,7.40266,46.17368,5.023
data/weather/glare/real/input/input_000076.png,glare,borderline_glare,A,HybridNIREnhancer,still_image_cold_start_mode,still_image_cold_start_mode,1.37467,0.030479,0.0,7.21138,59.83437,1.29519,0.067886,0.0,7.679,63.93946,5.188
data/weather/glare/real/input/input_000077.png,glare,borderline_glare,A,HybridNIREnhancer,still_image_cold_start_mode,still_image_cold_start_mode,1.06554,0.032997,0.0,7.40749,45.31754,0.988,0.045753,0.0,7.25703,40.63645,5.442
data/weather/glare/real/input/input_000032.png,glare,borderline_glare,A,HybridNIREnhancer,still_image_cold_start_mode,still_image_cold_start_mode,1.42174,0.063473,0.0,7.28805,66.8978,1.26059,0.111355,0.0,7.45849,59.10983,5.436
data/weather/glare/real/input/input_000062.png,glare,borderline_glare,A,HybridNIREnhancer,still_image_cold_start_mode,still_image_cold_start_mode,1.33313,0.037613,0.0,7.32331,64.05625,1.20199,0.074974,0.0,7.48911,59.06928,5.439
data/weather/glare/real/input/input_000051.png,glare,borderline_glare,A,HybridNIREnhancer,still_image_cold_start_mode,still_image_cold_start_mode,1.491,0.057575,0.0,7.55125,62.50648,1.24101,0.130974,0.0,7.49182,60.43631,5.342
data/weather/glare/real/input/input_000063.png,glare,borderline_glare,A,HybridNIREnhancer,still_image_cold_start_mode,still_image_cold_start_mode,1.38719,0.058895,0.0,7.43631,65.08336,1.30381,0.106495,0.0,7.46908,60.9119,5.246
data/weather/backlight/0347.JPG,backlight,,A,HybridNIREnhancer,still_image_cold_start_mode,still_image_cold_start_mode,1.0931,0.005111,0.079799,7.11852,84.98507,0.46947,0.037652,0.0,7.14098,78.19186,6.009
data/weather/backlight/0284.JPG,backlight,,A,HybridNIREnhancer,still_image_cold_start_mode,still_image_cold_start_mode,1.23318,0.135299,1.1e-05,6.84734,76.89635,0.6539,0.173152,0.0,7.15367,69.68525,6.378
data/weather/backlight/0011.JPG,backlight,,A,HybridNIREnhancer,still_image_cold_start_mode,still_image_cold_start_mode,1.14424,0.091419,0.0,7.5654,65.86397,0.64284,0.114015,0.0,7.41927,63.13606,6.193
data/weather/backlight/0054.JPG,backlight,borderline_glare,A,HybridNIREnhancer,still_image_cold_start_mode,still_image_cold_start_mode,1.04328,0.045886,0.093139,7.08389,80.32314,0.68847,0.281841,0.0,6.56461,89.22442,6.307
data/weather/backlight/0206.JPG,backlight,,A,HybridNIREnhancer,still_image_cold_start_mode,still_image_cold_start_mode,1.25703,0.160583,6e-06,7.3677,73.91894,0.60035,0.186742,0.0,7.17112,65.87598,6.776
data/weather/backlight/0150.JPG,backlight,,A,HybridNIREnhancer,still_image_cold_start_mode,still_image_cold_start_mode,0.74668,0.000445,0.033943,7.48435,69.79032,0.53448,0.070507,0.0,7.64763,75.45034,6.145
data/weather/backlight/0061.JPG,backlight,,A,HybridNIREnhancer,still_image_cold_start_mode,still_image_cold_start_mode,0.99944,0.001746,0.017131,7.10735,86.64141,0.4917,0.012437,0.0,7.26587,81.06437,6.527
data/weather/backlight/0177.JPG,backlight,,A,HybridNIREnhancer,still_image_cold_start_mode,still_image_cold_start_mode,0.97924,0.009229,0.017514,7.57313,77.71112,0.51244,0.032264,0.0,7.45812,71.55823,6.456
data/weather/backlight/0245.JPG,backlight,,A,HybridNIREnhancer,still_image_cold_start_mode,still_image_cold_start_mode,1.05476,0.005575,0.001476,7.63388,59.7129,0.49304,0.009419,0.0,7.517,56.99776,6.5
data/weather/backlight/0199.JPG,backlight,borderline_glare,A,HybridNIREnhancer,still_image_cold_start_mode,still_image_cold_start_mode,1.49806,0.051174,0.029874,7.26395,78.24988,0.82171,0.095942,0.0,7.47718,73.43972,6.472
data/weather/weather11/dataset/rain/1676.jpg,rain,,A,HybridNIREnhancer,still_image_cold_start_mode,still_image_cold_start_mode,1.56981,0.001758,9e-06,7.45468,43.22886,1.47006,0.016955,0.0,7.5102,41.63637,5.563
data/weather/weather11/dataset/rain/1724.jpg,rain,,A,HybridNIREnhancer,still_image_cold_start_mode,still_image_cold_start_mode,1.7409,0.013057,0.004016,7.53602,44.33709,1.63097,0.019024,0.0,7.49123,39.58809,5.289
data/weather/weather11/dataset/rain/1126.jpg,rain,,A,HybridNIREnhancer,still_image_cold_start_mode,still_image_cold_start_mode,1.51291,0.000128,0.063229,7.47248,58.93726,0.89366,0.136465,0.0,7.48553,66.97844,5.613
data/weather/weather11/dataset/rain/1649.jpg,rain,,A,HybridNIREnhancer,still_image_cold_start_mode,still_image_cold_start_mode,1.34965,0.170442,0.0,6.97658,56.8599,1.26331,0.188694,0.0,6.85664,54.4455,5.357
data/weather/weather11/dataset/rain/1213.jpg,rain,,A,HybridNIREnhancer,still_image_cold_start_mode,still_image_cold_start_mode,1.3799,0.0,0.008561,6.98549,30.63589,1.66909,0.0,0.013598,6.15422,59.55842,5.353
data/weather/weather11/dataset/rain/1702.jpg,rain,,A,HybridNIREnhancer,still_image_cold_start_mode,still_image_cold_start_mode,1.51422,0.003863,0.078026,7.22165,44.83344,1.73025,0.33125,0.000498,6.69129,74.74144,5.242
data/weather/weather11/dataset/rain/1053.jpg,rain,,A,HybridNIREnhancer,still_image_cold_start_mode,still_image_cold_start_mode,1.44781,0.004953,0.000528,7.58917,47.07459,1.51859,0.087613,0.0,7.68794,55.40931,5.107
data/weather/weather11/dataset/rain/1533.jpg,rain,,A,HybridNIREnhancer,still_image_cold_start_mode,still_image_cold_start_mode,1.45129,0.011709,0.0,7.4693,42.95424,1.56155,0.047616,0.0,7.50772,42.7676,5.294
data/weather/weather11/dataset/rain/1061.jpg,rain,,A,HybridNIREnhancer,still_image_cold_start_mode,still_image_cold_start_mode,1.55599,0.000197,0.000329,7.49339,40.43827,1.64927,0.053487,0.0,7.79968,50.4239,5.266
data/weather/weather11/dataset/rain/1486.jpg,rain,,A,HybridNIREnhancer,still_image_cold_start_mode,still_image_cold_start_mode,1.77819,0.0,0.003717,7.66835,58.67902,1.81121,0.008627,0.0,7.73963,57.93301,5.223
data/weather/weather11/dataset/rain/1508.jpg,rain,,A,HybridNIREnhancer,still_image_cold_start_mode,still_image_cold_start_mode,1.36609,0.0,0.013835,7.17934,47.43669,1.40287,0.006365,0.0,7.57897,48.98994,5.277
data/weather/weather11/dataset/rain/1067.jpg,rain,borderline_glare,A,HybridNIREnhancer,still_image_cold_start_mode,still_image_cold_start_mode,1.85809,0.037594,0.02675,7.65691,58.16002,2.00463,0.162854,0.0,7.39277,52.79201,5.14
data/weather/weather11/dataset/rain/1257.jpg,rain,,A,HybridNIREnhancer,still_image_cold_start_mode,still_image_cold_start_mode,1.64246,0.002318,0.001094,6.01798,24.68519,1.73754,0.006667,0.001654,6.82251,29.72546,4.748
data/weather/weather11/dataset/rain/1632.jpg,rain,,A,HybridNIREnhancer,still_image_cold_start_mode,still_image_cold_start_mode,1.78622,0.123449,0.00265,7.56828,66.6785,1.59068,0.177885,0.0,7.37374,59.57188,5.775
data/weather/weather11/dataset/rain/1448.jpg,rain,,A,HybridNIREnhancer,still_image_cold_start_mode,still_image_cold_start_mode,1.49353,0.017534,0.001076,7.62673,54.8046,1.57294,0.072093,0.0,7.55936,45.42857,5.141
data/weather/weather11/dataset/rain/1655.jpg,rain,,A,HybridNIREnhancer,still_image_cold_start_mode,still_image_cold_start_mode,1.37325,0.000425,3.3e-05,7.24464,51.62798,1.29456,0.003483,0.0,7.17301,46.58842,4.982
data/weather/weather11/dataset/rain/1637.jpg,rain,borderline_glare,A,HybridNIREnhancer,still_image_cold_start_mode,still_image_cold_start_mode,1.12279,0.030536,0.0,7.10677,47.92419,1.37511,0.071128,0.0,7.48757,50.61615,5.078
data/weather/weather11/dataset/rain/1399.jpg,rain,,A,HybridNIREnhancer,still_image_cold_start_mode,still_image_cold_start_mode,1.6249,0.004693,0.009531,7.79248,56.56164,1.11181,0.010469,0.0,7.77692,53.16519,5.4
data/weather/weather11/dataset/rain/1263.jpg,rain,,A,HybridNIREnhancer,still_image_cold_start_mode,still_image_cold_start_mode,1.53931,0.011433,0.005175,7.76019,56.73873,1.513,0.046592,0.0,7.75583,54.79356,5.236
data/weather/weather11/dataset/rain/1144.jpg,rain,,A,HybridNIREnhancer,still_image_cold_start_mode,still_image_cold_start_mode,1.60417,0.004458,0.017969,7.68686,56.77789,1.67846,0.012771,0.0,7.70636,50.40649,5.037
data/weather/weather11/dataset/rainbow/0629.jpg,normal_day,,A,HybridNIREnhancer,still_image_cold_start_mode,still_image_cold_start_mode,1.3508,0.005566,8e-06,7.5489,47.89841,0.96028,0.047617,0.0,7.51098,48.21848,5.53
data/weather/weather11/dataset/frost/3914.jpg,normal_day,,A,HybridNIREnhancer,still_image_cold_start_mode,still_image_cold_start_mode,0.64548,0.002181,5e-05,7.67123,57.13562,0.435,0.023764,0.0,7.58619,49.7307,6.499
data/weather/weather11/dataset/dew/2380.jpg,normal_day,,A,HybridNIREnhancer,still_image_cold_start_mode,still_image_cold_start_mode,1.31143,0.003113,0.0,6.28401,17.18655,1.40883,0.005738,0.0,6.63408,19.82287,5.502
data/weather/weather11/dataset/frost/3980.jpg,normal_day,,A,HybridNIREnhancer,still_image_cold_start_mode,still_image_cold_start_mode,2.05709,0.007957,0.021504,7.79365,54.0599,1.14455,0.016882,0.0,7.86471,55.74181,6.023
data/weather/weather11/dataset/dew/2793.jpg,normal_day,,A,HybridNIREnhancer,still_image_cold_start_mode,still_image_cold_start_mode,1.42399,0.00643,0.0,6.28876,43.9423,0.79656,0.00911,0.0,7.2263,51.66043,5.439
data/weather/weather11/dataset/dew/2535.jpg,normal_day,,A,HybridNIREnhancer,still_image_cold_start_mode,still_image_cold_start_mode,1.20395,0.004211,0.0,6.45839,21.18466,1.10885,0.006212,0.0,6.95428,26.21197,5.169
data/weather/weather11/dataset/frost/3661.jpg,normal_day,,A,HybridNIREnhancer,still_image_cold_start_mode,still_image_cold_start_mode,1.70039,0.000396,0.000178,7.7982,50.76222,1.65,0.060487,0.0,7.76192,53.40641,5.339
data/weather/weather11/dataset/dew/2648.jpg,normal_day,,A,HybridNIREnhancer,still_image_cold_start_mode,still_image_cold_start_mode,1.49661,0.001288,0.004669,7.55208,43.96574,1.3675,0.008703,0.0,7.83431,60.41784,5.237
data/weather/weather11/dataset/frost/3949.jpg,normal_day,,A,HybridNIREnhancer,still_image_cold_start_mode,still_image_cold_start_mode,1.67889,0.0,1e-05,7.35248,32.43023,1.71129,0.087293,0.0,7.77661,49.68383,5.464
data/weather/weather11/dataset/dew/2216.jpg,normal_day,,A,HybridNIREnhancer,still_image_cold_start_mode,still_image_cold_start_mode,1.25419,0.007357,0.0,7.48932,46.52111,1.08357,0.025472,0.0,7.51762,46.7089,5.151
data/weather/weather11/dataset/frost/4020.jpg,normal_day,,A,HybridNIREnhancer,still_image_cold_start_mode,still_image_cold_start_mode,1.53087,0.000105,0.021417,7.54737,45.56216,1.20798,0.021783,0.0,7.86785,56.70167,5.445
data/weather/weather11/dataset/frost/3638.jpg,normal_day,,A,HybridNIREnhancer,still_image_cold_start_mode,still_image_cold_start_mode,1.78548,0.015392,0.004375,7.76316,52.70576,1.66725,0.083733,0.0,7.77055,55.7806,5.365
data/weather/weather11/dataset/dew/2727.jpg,normal_day,,A,HybridNIREnhancer,still_image_cold_start_mode,still_image_cold_start_mode,1.41089,0.00162,0.11861,7.19181,49.6849,1.53893,0.02738,0.0,7.56399,60.43419,5.303
data/weather/weather11/dataset/frost/3822.jpg,normal_day,borderline_glare,A,HybridNIREnhancer,still_image_cold_start_mode,still_image_cold_start_mode,2.21319,0.047837,0.031812,7.84071,44.85733,1.87404,0.048903,0.0,7.72828,45.65182,5.187
data/weather/weather11/dataset/dew/2388.jpg,normal_day,,A,HybridNIREnhancer,still_image_cold_start_mode,still_image_cold_start_mode,1.30627,0.000452,0.00012,6.79497,30.28016,1.33656,0.002017,0.0,7.60892,46.14347,5.103
data/weather/weather11/dataset/dew/2762.jpg,normal_day,,A,HybridNIREnhancer,still_image_cold_start_mode,still_image_cold_start_mode,0.92902,0.00093,0.0,4.37032,8.10426,0.43657,0.000977,0.0,5.07426,9.38983,5.267
data/weather/weather11/dataset/frost/3860.jpg,normal_day,borderline_glare,A,HybridNIREnhancer,still_image_cold_start_mode,still_image_cold_start_mode,1.95141,0.05478,0.022935,7.74377,48.05019,1.70283,0.085317,0.0,7.65495,48.45606,5.33
data/weather/weather11/dataset/dew/2610.jpg,normal_day,borderline_glare,A,HybridNIREnhancer,still_image_cold_start_mode,still_image_cold_start_mode,0.98217,0.065459,0.002666,7.74996,67.21232,0.68424,0.098444,0.0,7.51871,60.02976,5.445
data/weather/weather11/dataset/dew/2886.jpg,normal_day,,A,HybridNIREnhancer,still_image_cold_start_mode,still_image_cold_start_mode,0.73171,9e-05,0.0,7.04939,38.59918,0.66417,0.002763,0.0,7.73478,58.23591,5.306
data/weather/weather11/dataset/frost/3998.jpg,normal_day,,A,HybridNIREnhancer,still_image_cold_start_mode,still_image_cold_start_mode,1.82845,0.015346,0.005052,7.63629,61.45211,1.37702,0.06078,0.0,7.77127,59.00821,5.444
data/weather/darkface/image/4665.png,mixed_edge,mixed_lighting,A,HybridNIREnhancer,still_image_cold_start_mode,still_image_cold_start_mode,1.16787,0.002566,0.517378,5.33714,37.36404,1.05422,0.172191,0.0,6.47731,81.58854,5.267
data/weather/darkface/image/5935.png,mixed_edge,mixed_lighting,A,HybridNIREnhancer,still_image_cold_start_mode,still_image_cold_start_mode,1.25286,0.000125,0.471908,5.54117,32.09499,1.16842,0.001178,0.00034,6.14735,95.18304,5.494
data/weather/darkface/image/2460.png,mixed_edge,mixed_lighting,A,HybridNIREnhancer,still_image_cold_start_mode,still_image_cold_start_mode,1.19899,0.000793,0.424565,5.79917,36.85076,1.13957,0.281326,7.5e-05,6.064,94.25661,6.083
data/weather/darkface/image/5413.png,mixed_edge,mixed_lighting,A,HybridNIREnhancer,still_image_cold_start_mode,still_image_cold_start_mode,1.2083,0.001566,0.297909,5.42049,23.6064,1.18497,0.043502,0.000318,7.59274,73.69124,6.424
data/weather/darkface/image/2195.png,mixed_edge,mixed_lighting,A,HybridNIREnhancer,still_image_cold_start_mode,still_image_cold_start_mode,1.19384,0.000201,0.438202,5.14561,29.17186,1.06207,0.107302,0.0,7.05101,74.38498,6.236
data/weather/darkface/image/1639.png,mixed_edge,mixed_lighting,A,HybridNIREnhancer,still_image_cold_start_mode,still_image_cold_start_mode,1.16718,0.002477,0.526757,5.30734,37.16552,1.03448,0.17473,0.0,6.39385,81.95611,6.323
data/weather/darkface/image/3057.png,mixed_edge,mixed_lighting,A,HybridNIREnhancer,still_image_cold_start_mode,still_image_cold_start_mode,1.27576,0.004781,0.476427,5.39887,44.29596,1.03785,0.171957,0.0,6.77425,78.21223,6.005
data/weather/darkface/image/5684.png,mixed_edge,mixed_lighting,A,HybridNIREnhancer,still_image_cold_start_mode,still_image_cold_start_mode,1.20342,0.001453,0.334441,5.49235,25.9756,1.09497,0.076443,6e-05,7.25729,82.72832,5.57
data/weather/darkface/image/667.png,mixed_edge,mixed_lighting,A,HybridNIREnhancer,still_image_cold_start_mode,still_image_cold_start_mode,1.22203,0.000876,0.418313,5.85153,38.97871,1.13658,0.295612,3.1e-05,6.01845,94.02778,6.085
data/weather/darkface/image/4558.png,mixed_edge,mixed_lighting,A,HybridNIREnhancer,still_image_cold_start_mode,still_image_cold_start_mode,1.23767,0.001511,0.350543,5.97363,38.0532,1.15426,0.245059,4.9e-05,6.52357,90.07686,5.61
data/weather/darkface/image/4169.png,mixed_edge,mixed_lighting,A,HybridNIREnhancer,still_image_cold_start_mode,still_image_cold_start_mode,1.27006,0.004765,0.473891,5.43079,42.76363,1.05071,0.179509,0.0,6.6487,77.80764,5.671
data/weather/darkface/image/1829.png,mixed_edge,mixed_lighting,A,HybridNIREnhancer,still_image_cold_start_mode,still_image_cold_start_mode,1.2167,0.001519,0.374411,5.85681,35.68875,1.15132,0.233391,3.7e-05,6.53885,89.89356,5.447
data/weather/darkface/image/643.png,mixed_edge,mixed_lighting,A,HybridNIREnhancer,still_image_cold_start_mode,still_image_cold_start_mode,1.20631,0.000917,0.402532,5.88453,40.14969,1.12164,0.300081,1.4e-05,5.97839,93.30803,5.473
data/weather/darkface/image/2205.png,mixed_edge,mixed_lighting,A,HybridNIREnhancer,still_image_cold_start_mode,still_image_cold_start_mode,1.16797,0.001692,0.241155,5.61619,28.39862,1.15367,0.009522,0.000396,7.47353,74.48617,5.453
data/weather/darkface/image/4883.png,mixed_edge,mixed_lighting,A,HybridNIREnhancer,still_image_cold_start_mode,still_image_cold_start_mode,1.23733,0.001572,0.332895,6.04628,40.22023,1.14329,0.257473,0.0,6.4562,89.47521,5.425
data/weather/darkface/image/1956.png,mixed_edge,mixed_lighting,A,HybridNIREnhancer,still_image_cold_start_mode,still_image_cold_start_mode,1.16565,0.002279,0.52094,5.29694,35.84874,1.03831,0.165271,0.0,6.44925,80.3754,5.575
data/weather/darkface/image/721.png,mixed_edge,mixed_lighting,A,HybridNIREnhancer,still_image_cold_start_mode,still_image_cold_start_mode,1.23515,0.001586,0.374807,5.88826,35.75563,1.16102,0.234996,6.2e-05,6.56196,90.81358,5.623
data/weather/darkface/image/5067.png,mixed_edge,mixed_lighting,A,HybridNIREnhancer,still_image_cold_start_mode,still_image_cold_start_mode,1.28715,0.004922,0.433746,5.54365,43.6113,1.07788,0.180581,0.0,6.82635,77.83213,5.448
data/weather/darkface/image/4563.png,mixed_edge,mixed_lighting,A,HybridNIREnhancer,still_image_cold_start_mode,still_image_cold_start_mode,1.01401,1e-05,0.284669,6.08731,27.25761,1.079,0.0,0.000644,6.72929,90.21731,5.928
data/weather/darkface/image/2185.png,mixed_edge,mixed_lighting,A,HybridNIREnhancer,still_image_cold_start_mode,still_image_cold_start_mode,1.18695,0.001732,0.245939,5.62349,28.66217,1.12905,0.024276,0.000136,7.4009,76.07204,5.751
data/weather/darkface/image/1523.png,mixed_edge,mixed_lighting,A,HybridNIREnhancer,still_image_cold_start_mode,still_image_cold_start_mode,1.2854,0.005018,0.39613,5.69713,44.75051,1.07859,0.19412,0.0,6.87558,78.69552,7.032
data/weather/darkface/image/4057.png,mixed_edge,mixed_lighting,A,HybridNIREnhancer,still_image_cold_start_mode,still_image_cold_start_mode,1.2747,0.000674,0.153508,5.7709,22.9404,1.27243,0.0,0.000696,7.35685,78.66178,5.807
data/weather/darkface/image/2844.png,mixed_edge,mixed_lighting,A,HybridNIREnhancer,still_image_cold_start_mode,still_image_cold_start_mode,1.41462,0.009081,0.072986,5.94677,34.7836,1.24995,0.03657,0.000256,7.43861,77.46871,5.84
data/weather/darkface/image/266.png,mixed_edge,mixed_lighting,A,HybridNIREnhancer,still_image_cold_start_mode,still_image_cold_start_mode,1.24453,0.000761,0.071623,5.27774,17.20105,1.25609,0.0,0.001626,7.76337,59.79915,5.569
data/weather/darkface/image/5623.png,mixed_edge,mixed_lighting,A,HybridNIREnhancer,still_image_cold_start_mode,still_image_cold_start_mode,1.23835,0.00061,0.005463,5.89696,20.58089,1.26174,0.0,0.001754,7.35632,63.25265,5.649
